ticker,name_short,sector,listing_date,delisting_date,listed_before_sample_end,n_panel_weeks,first_panel_week,last_panel_week,excluded_reason
1101,台泥,水泥,1962-02-09,,True,506,2015-05-03,2025-01-05,
1102,亞泥,水泥,1962-06-08,,True,506,2015-05-03,2025-01-05,
1103,嘉泥,水泥,1969-11-14,,True,506,2015-05-03,2025-01-05,
1104,環泥,水泥,1971-02-01,,True,506,2015-05-03,2025-01-05,
1108,幸福,水泥,1990-06-06,,True,506,2015-05-03,2025-01-05,
1109,信大,水泥,1991-12-05,,True,506,2015-05-03,2025-01-05,
1110,東泥,水泥,1994-10-22,,True,506,2015-05-03,2025-01-05,
1201,味全,食品,1962-02-09,,True,506,2015-05-03,2025-01-05,
1203,味王,食品,1964-08-24,,True,506,2015-05-03,2025-01-05,
1210,大成,食品,1978-05-20,,True,506,2015-05-03,2025-01-05,
1213,大飲,食品,1981-04-10,,True,506,2015-05-03,2025-01-05,
1215,卜蜂,食品,1987-07-27,,True,506,2015-05-03,2025-01-05,
1216,統一,食品,1987-12-28,,True,506,2015-05-03,2025-01-05,
1217,愛之味,食品,1989-10-28,,True,506,2015-05-03,2025-01-05,
1218,泰山,食品,1989-11-11,,True,506,2015-05-03,2025-01-05,
1219,福壽,食品,1990-12-01,,True,506,2015-05-03,2025-01-05,
1220,台榮,食品,1991-11-20,,True,506,2015-05-03,2025-01-05,
1301,台塑,塑膠,1964-07-27,,True,506,2015-05-03,2025-01-05,
1303,南亞,塑膠,1967-11-15,,True,506,2015-05-03,2025-01-05,
1304,台聚,塑膠,1972-05-20,,True,506,2015-05-03,2025-01-05,
1305,華夏,塑膠,1973-03-05,,True,506,2015-05-03,2025-01-05,
1307,三芳,塑膠,1985-11-23,,True,506,2015-05-03,2025-01-05,
1308,亞聚,塑膠,1986-06-20,,True,506,2015-05-03,2025-01-05,
1309,台達化,塑膠,1986-06-27,,True,506,2015-05-03,2025-01-05,
1310,台苯,塑膠,1987-08-06,,True,506,2015-05-03,2025-01-05,
1312,國喬,塑膠,1988-12-21,,True,506,2015-05-03,2025-01-05,
1313,聯成,塑膠,1989-03-27,,True,506,2015-05-03,2025-01-05,
1319,東陽,汽車,1994-12-12,,True,506,2015-05-03,2025-01-05,
1338,廣華-KY,汽車,2012-12-19,,True,506,2015-05-03,2025-01-05,
1339,昭輝,汽車,2012-04-24,,True,506,2015-05-03,2025-01-05,
1512,瑞利,汽車,1994-01-28,,True,506,2015-05-03,2025-01-05,
1521,大億,汽車,1997-10-06,,True,506,2015-05-03,2025-01-05,
1522,堤維西,汽車,1997-10-06,,True,506,2015-05-03,2025-01-05,
1524,耿鼎,汽車,1998-10-30,,True,506,2015-05-03,2025-01-05,
1525,江申,汽車,1999-05-15,,True,506,2015-05-03,2025-01-05,
1533,車王電,汽車,2001-04-06,,True,506,2015-05-03,2025-01-05,
1536,和大,汽車,2001-09-17,,True,506,2015-05-03,2025-01-05,
1402,遠東新,紡織,1967-04-14,,True,506,2015-05-03,2025-01-05,
1409,新纖,紡織,1973-08-31,,True,506,2015-05-03,2025-01-05,
1410,南染,紡織,1973-10-18,,True,506,2015-05-03,2025-01-05,
1413,宏洲,紡織,1975-12-23,,True,506,2015-05-03,2025-01-05,
1414,東和,紡織,1976-02-02,,True,506,2015-05-03,2025-01-05,
1417,嘉裕,紡織,1976-12-28,,True,506,2015-05-03,2025-01-05,
1418,東華,紡織,1977-02-14,,True,506,2015-05-03,2025-01-05,
1419,新紡,紡織,1977-03-14,,True,506,2015-05-03,2025-01-05,
1423,利華,紡織,1979-04-02,,True,506,2015-05-03,2025-01-05,
1434,福懋,紡織,1985-12-24,,True,506,2015-05-03,2025-01-05,
1432,大魯閣,運動休閒,1982-07-26,,True,506,2015-05-03,2025-01-05,
1598,岱宇,運動休閒,2016-09-20,,True,433,2016-09-25,2025-01-05,
1736,喬山,運動休閒,2003-01-09,,True,506,2015-05-03,2025-01-05,
2762,世界健身-KY,運動休閒,2024-01-24,,True,50,2024-01-28,2025-01-05,
4536,拓凱,運動休閒,2013-10-09,,True,506,2015-05-03,2025-01-05,
5306,桂盟,運動休閒,2022-03-08,,True,148,2022-03-13,2025-01-05,
6670,復盛應用,運動休閒,2018-12-18,,True,316,2018-12-23,2025-01-05,
6768,志強-KY,運動休閒,2021-04-22,,True,194,2021-04-25,2025-01-05,
6890,來億-KY,運動休閒,2024-06-12,,True,30,2024-06-16,2025-01-05,
6965,中傑-KY,運動休閒,2025-03-07,,False,0,,,TWSE 上市日晚於主樣本結束日，無任何觀測
1471,首利,電子零組件,2000-03-06,,True,506,2015-05-03,2025-01-05,
1582,信錦,電子零組件,2009-12-17,,True,506,2015-05-03,2025-01-05,
2059,川湖,電子零組件,2008-06-25,,True,506,2015-05-03,2025-01-05,
2308,台達電,電子零組件,1988-12-19,,True,506,2015-05-03,2025-01-05,
2313,華通,電子零組件,1990-07-24,,True,506,2015-05-03,2025-01-05,
2316,楠梓電,電子零組件,1991-02-05,,True,506,2015-05-03,2025-01-05,
2327,國巨*,電子零組件,1993-10-22,,True,506,2015-05-03,2025-01-05,
2328,廣宇,電子零組件,1993-11-09,,True,506,2015-05-03,2025-01-05,
2355,敬鵬,電子零組件,1996-10-14,,True,506,2015-05-03,2025-01-05,
2367,燿華,電子零組件,1997-12-13,,True,506,2015-05-03,2025-01-05,
1503,士電,電機機械,1969-12-15,,True,506,2015-05-03,2025-01-05,
1504,東元,電機機械,1973-11-05,,True,506,2015-05-03,2025-01-05,
1506,正道,電機機械,1980-08-11,,True,506,2015-05-03,2025-01-05,
1513,中興電,電機機械,1994-03-08,,True,506,2015-05-03,2025-01-05,
1514,亞力,電機機械,1994-03-26,,True,506,2015-05-03,2025-01-05,
1515,力山,電機機械,1995-02-04,,True,506,2015-05-03,2025-01-05,
1517,利奇,電機機械,1995-11-14,,True,506,2015-05-03,2025-01-05,
1519,華城,電機機械,1997-04-16,,True,506,2015-05-03,2025-01-05,
1526,日馳,電機機械,2000-03-27,,True,506,2015-05-03,2025-01-05,
1527,鑽全,電機機械,2000-06-21,,True,506,2015-05-03,2025-01-05,
1603,華電,電器電纜,1968-06-03,,True,506,2015-05-03,2025-01-05,
1604,聲寶,電器電纜,1970-12-14,,True,506,2015-05-03,2025-01-05,
1605,華新,電器電纜,1972-11-03,,True,506,2015-05-03,2025-01-05,
1608,華榮,電器電纜,1988-07-11,,True,506,2015-05-03,2025-01-05,
1609,大亞,電器電纜,1988-12-12,,True,506,2015-05-03,2025-01-05,
1611,中電,電器電纜,1990-01-16,,True,506,2015-05-03,2025-01-05,
1612,宏泰,電器電纜,1993-05-08,,True,506,2015-05-03,2025-01-05,
1614,三洋電,電器電纜,1997-09-18,,True,506,2015-05-03,2025-01-05,
1615,大山,電器電纜,2000-03-30,,True,506,2015-05-03,2025-01-05,
1616,億泰,電器電纜,2000-09-11,,True,506,2015-05-03,2025-01-05,
1707,葡萄王,生技,1982-12-20,,True,506,2015-05-03,2025-01-05,
1720,生達,生技,1995-12-12,,True,506,2015-05-03,2025-01-05,
1731,美吾華,生技,2001-09-17,,True,506,2015-05-03,2025-01-05,
1733,五鼎,生技,2001-09-17,,True,506,2015-05-03,2025-01-05,
1734,杏輝,生技,2002-08-26,,True,506,2015-05-03,2025-01-05,
1752,南光,生技,2022-01-19,,True,155,2022-01-23,2025-01-05,
1760,寶齡富錦,生技,2018-01-23,,True,363,2018-01-28,2025-01-05,
1762,中化生,生技,2010-12-20,,True,506,2015-05-03,2025-01-05,
1783,和康生,生技,2013-12-20,,True,506,2015-05-03,2025-01-05,
1786,科妍,生技,2013-11-12,,True,506,2015-05-03,2025-01-05,
1708,東鹼,化學,1986-06-16,,True,506,2015-05-03,2025-01-05,
1709,和益,化學,1986-07-03,,True,506,2015-05-03,2025-01-05,
1710,東聯,化學,1987-10-21,,True,506,2015-05-03,2025-01-05,
1711,永光,化學,1988-12-27,,True,506,2015-05-03,2025-01-05,
1712,興農,化學,1989-12-14,,True,506,2015-05-03,2025-01-05,
1713,國化,化學,1990-01-31,,True,506,2015-05-03,2025-01-05,
1714,和桐,化學,1991-08-30,,True,506,2015-05-03,2025-01-05,
1717,長興,化學,1994-03-31,,True,506,2015-05-03,2025-01-05,
1718,中纖,化學,1963-12-02,,True,506,2015-05-03,2025-01-05,
1721,三晃,化學,1996-05-16,,True,506,2015-05-03,2025-01-05,
1802,台玻,玻璃,1973-07-20,,True,506,2015-05-03,2025-01-05,
1806,冠軍,玻璃,1992-09-29,,True,506,2015-05-03,2025-01-05,
1809,中釉,玻璃,1996-04-30,,True,506,2015-05-03,2025-01-05,
1810,和成,玻璃,1991-10-14,,True,506,2015-05-03,2025-01-05,
1817,凱撒衛,玻璃,2013-10-24,,True,506,2015-05-03,2025-01-05,
1903,士紙,造紙,1963-12-09,,True,506,2015-05-03,2025-01-05,
1904,正隆,造紙,1971-09-10,,True,506,2015-05-03,2025-01-05,
1905,華紙,造紙,1975-02-07,,True,506,2015-05-03,2025-01-05,
1906,寶隆,造紙,1976-04-26,,True,506,2015-05-03,2025-01-05,
1907,永豐餘,造紙,1977-02-22,,True,506,2015-05-03,2025-01-05,
1909,榮成,造紙,1985-11-19,,True,506,2015-05-03,2025-01-05,
6790,永豐實,造紙,2021-09-29,,True,171,2021-10-03,2025-01-05,
2002,中鋼,鋼鐵,1974-12-26,,True,506,2015-05-03,2025-01-05,
2006,東和鋼鐵,鋼鐵,1988-07-13,,True,506,2015-05-03,2025-01-05,
2007,燁興,鋼鐵,1988-10-04,,True,506,2015-05-03,2025-01-05,
2008,高興昌,鋼鐵,1988-12-28,,True,506,2015-05-03,2025-01-05,
2009,第一銅,鋼鐵,1989-10-20,,True,506,2015-05-03,2025-01-05,
2010,春源,鋼鐵,1989-12-22,,True,506,2015-05-03,2025-01-05,
2012,春雨,鋼鐵,1991-10-17,,True,506,2015-05-03,2025-01-05,
2013,中鋼構,鋼鐵,1992-01-21,,True,506,2015-05-03,2025-01-05,
2014,中鴻,鋼鐵,1992-02-20,,True,506,2015-05-03,2025-01-05,
2015,豐興,鋼鐵,1992-05-25,,True,506,2015-05-03,2025-01-05,
2062,橋椿,居家生活,2007-11-16,,True,506,2015-05-03,2025-01-05,
3557,嘉威,居家生活,2008-02-27,,True,506,2015-05-03,2025-01-05,
6671,三能-KY,居家生活,2018-12-11,,True,317,2018-12-16,2025-01-05,
6754,匯僑設計,居家生活,2020-08-25,,True,228,2020-08-30,2025-01-05,
6807,峰源-KY,居家生活,2022-04-25,,True,141,2022-05-01,2025-01-05,
8464,億豐,居家生活,2015-12-22,,True,472,2015-12-27,2025-01-05,
8482,商億-KY,居家生活,2018-08-15,,True,334,2018-08-19,2025-01-05,
9911,櫻花,居家生活,1992-07-16,,True,506,2015-05-03,2025-01-05,
9924,福興,居家生活,1995-03-15,,True,506,2015-05-03,2025-01-05,
9934,成霖,居家生活,2000-09-11,,True,506,2015-05-03,2025-01-05,
2072,世紀風電,綠能環保,2026-03-26,,False,0,,,TWSE 上市日晚於主樣本結束日，無任何觀測
3708,上緯投控,綠能環保,2016-08-31,,True,436,2016-09-04,2025-01-05,
5292,華懋,綠能環保,2023-11-21,,True,59,2023-11-26,2025-01-05,
6581,鋼聯,綠能環保,2018-01-30,,True,362,2018-02-04,2025-01-05,
6641,基士德-KY,綠能環保,2018-09-21,,True,329,2018-09-23,2025-01-05,
6869,雲豹能源,綠能環保,2023-03-14,,True,95,2023-03-19,2025-01-05,
6873,泓德能源,綠能環保,2024-09-26,,True,15,2024-09-29,2025-01-05,
6887,寶綠特-KY,綠能環保,2025-03-10,,False,0,,,TWSE 上市日晚於主樣本結束日，無任何觀測
6923,中台,綠能環保,2024-09-25,,True,15,2024-09-29,2025-01-05,
6944,兆聯實業,綠能環保,2025-05-28,,False,0,,,TWSE 上市日晚於主樣本結束日，無任何觀測
2101,南港,橡膠,1963-11-01,,True,506,2015-05-03,2025-01-05,
2102,泰豐,橡膠,1979-07-16,,True,506,2015-05-03,2025-01-05,
2103,台橡,橡膠,1982-09-25,,True,506,2015-05-03,2025-01-05,
2104,國際中橡,橡膠,1986-07-15,,True,506,2015-05-03,2025-01-05,
2105,正新,橡膠,1987-12-07,,True,506,2015-05-03,2025-01-05,
2106,建大,橡膠,1990-12-20,,True,506,2015-05-03,2025-01-05,
2107,厚生,橡膠,1992-03-03,,True,506,2015-05-03,2025-01-05,
2108,南帝,橡膠,1992-10-27,,True,506,2015-05-03,2025-01-05,
2109,華豐,橡膠,2000-05-08,,True,506,2015-05-03,2025-01-05,
2114,鑫永銓,橡膠,2010-12-29,,True,506,2015-05-03,2025-01-05,
2208,台船,航運,2008-12-22,,True,506,2015-05-03,2025-01-05,
2601,益航,航運,1965-11-04,,True,506,2015-05-03,2025-01-05,
2603,長榮,航運,1987-09-21,,True,506,2015-05-03,2025-01-05,
2605,新興,航運,1989-12-08,,True,506,2015-05-03,2025-01-05,
2606,裕民,航運,1990-12-08,,True,506,2015-05-03,2025-01-05,
2607,榮運,航運,1990-12-14,,True,506,2015-05-03,2025-01-05,
2608,嘉里大榮,航運,1990-12-20,,True,506,2015-05-03,2025-01-05,
2609,陽明,航運,1992-04-20,,True,506,2015-05-03,2025-01-05,
2610,華航,航運,1993-02-26,,True,506,2015-05-03,2025-01-05,
2611,志信,航運,1993-10-28,,True,506,2015-05-03,2025-01-05,
2302,麗正,半導體,1985-01-15,,True,506,2015-05-03,2025-01-05,
2303,聯電,半導體,1985-07-16,,True,506,2015-05-03,2025-01-05,
2329,華泰,半導體,1994-04-20,,True,506,2015-05-03,2025-01-05,
2330,台積電,半導體,1994-09-05,,True,506,2015-05-03,2025-01-05,
2337,旺宏,半導體,1995-03-15,,True,506,2015-05-03,2025-01-05,
2338,光罩,半導體,1995-04-17,,True,506,2015-05-03,2025-01-05,
2340,台亞,半導體,1995-05-02,,True,506,2015-05-03,2025-01-05,
2342,茂矽,半導體,1995-09-19,,True,506,2015-05-03,2025-01-05,
2344,華邦電,半導體,1995-10-18,,True,506,2015-05-03,2025-01-05,
2351,順德,半導體,1996-04-25,,True,506,2015-05-03,2025-01-05,
2312,金寶,其他電子,1989-11-07,,True,506,2015-05-03,2025-01-05,
2317,鴻海,其他電子,1991-06-18,,True,506,2015-05-03,2025-01-05,
2354,鴻準,其他電子,1996-10-08,,True,506,2015-05-03,2025-01-05,
2359,所羅門,其他電子,1996-12-19,,True,506,2015-05-03,2025-01-05,
2360,致茂,其他電子,1996-12-21,,True,506,2015-05-03,2025-01-05,
2373,震旦行,其他電子,1991-08-01,,True,506,2015-05-03,2025-01-05,
2390,云辰,其他電子,1999-06-15,,True,506,2015-05-03,2025-01-05,
2404,漢唐,其他電子,2000-03-14,,True,506,2015-05-03,2025-01-05,
2423,固緯,其他電子,2000-09-11,,True,506,2015-05-03,2025-01-05,
2433,互盛電,其他電子,2000-09-11,,True,506,2015-05-03,2025-01-05,
2323,中環,光電,1992-02-17,,True,506,2015-05-03,2025-01-05,
2349,錸德,光電,1996-04-23,,True,506,2015-05-03,2025-01-05,
2374,佳能,光電,1995-01-16,,True,506,2015-05-03,2025-01-05,
2393,億光,光電,1999-11-04,,True,506,2015-05-03,2025-01-05,
2406,國碩,光電,2000-04-29,,True,506,2015-05-03,2025-01-05,
2409,友達,光電,2000-09-08,,True,506,2015-05-03,2025-01-05,
2426,鼎元,光電,2000-09-11,,True,506,2015-05-03,2025-01-05,
2429,銘旺科,光電,2000-09-11,,True,506,2015-05-03,2025-01-05,
2438,翔耀,光電,2000-09-11,,True,506,2015-05-03,2025-01-05,
2466,冠西電,光電,2001-09-17,,True,506,2015-05-03,2025-01-05,
2347,聯強,電子通路,1995-12-13,,True,506,2015-05-03,2025-01-05,
2414,精技,電子通路,2000-09-11,,True,506,2015-05-03,2025-01-05,
2430,燦坤,電子通路,2000-09-11,,True,506,2015-05-03,2025-01-05,
3010,華立,電子通路,2002-07-22,,True,506,2015-05-03,2025-01-05,
3028,增你強,電子通路,2002-08-26,,True,506,2015-05-03,2025-01-05,
3033,威健,電子通路,2002-08-26,,True,506,2015-05-03,2025-01-05,
3036,文曄,電子通路,2002-08-26,,True,506,2015-05-03,2025-01-05,
3048,益登,電子通路,2002-10-01,,True,506,2015-05-03,2025-01-05,
3054,立萬利,電子通路,2002-11-18,,True,506,2015-05-03,2025-01-05,
3055,蔚華科,電子通路,2002-12-12,,True,506,2015-05-03,2025-01-05,
2427,三商電,資訊服務,2000-09-11,,True,506,2015-05-03,2025-01-05,
2453,凌群,資訊服務,2001-05-22,,True,506,2015-05-03,2025-01-05,
2468,華經,資訊服務,2001-09-17,,True,506,2015-05-03,2025-01-05,
2471,資通,資訊服務,2001-09-17,,True,506,2015-05-03,2025-01-05,
2480,敦陽科,資訊服務,2001-09-17,,True,506,2015-05-03,2025-01-05,
3029,零壹,資訊服務,2002-08-26,,True,506,2015-05-03,2025-01-05,
4994,傳奇,資訊服務,2013-12-25,,True,506,2015-05-03,2025-01-05,
5203,訊連,資訊服務,2004-09-27,,True,506,2015-05-03,2025-01-05,
6112,邁達特,資訊服務,2003-08-04,,True,506,2015-05-03,2025-01-05,
6183,關貿,資訊服務,2011-12-01,,True,506,2015-05-03,2025-01-05,
2616,山隆,油電燃氣,1997-11-08,,True,506,2015-05-03,2025-01-05,
6505,台塑化,油電燃氣,2003-12-26,,True,506,2015-05-03,2025-01-05,
8926,台汽電,油電燃氣,2003-08-25,,True,506,2015-05-03,2025-01-05,
9908,大台北,油電燃氣,1991-02-06,,True,506,2015-05-03,2025-01-05,
9918,欣天然,油電燃氣,1994-04-26,,True,506,2015-05-03,2025-01-05,
9926,新海,油電燃氣,1998-04-08,,True,506,2015-05-03,2025-01-05,
9931,欣高,油電燃氣,2000-03-21,,True,506,2015-05-03,2025-01-05,
9937,全國,油電燃氣,2000-09-11,,True,506,2015-05-03,2025-01-05,
2701,萬企,觀光餐旅,1965-03-22,,True,506,2015-05-03,2025-01-05,
2702,華園,觀光餐旅,1965-02-14,,True,506,2015-05-03,2025-01-05,
2704,國賓,觀光餐旅,1982-11-10,,True,506,2015-05-03,2025-01-05,
2705,六福,觀光餐旅,1988-12-24,,True,506,2015-05-03,2025-01-05,
2706,第一店,觀光餐旅,1991-06-25,,True,506,2015-05-03,2025-01-05,
2707,晶華,觀光餐旅,1998-03-09,,True,506,2015-05-03,2025-01-05,
2712,遠雄來,觀光餐旅,2013-12-03,,True,506,2015-05-03,2025-01-05,
2722,夏都,觀光餐旅,2012-03-14,,True,506,2015-05-03,2025-01-05,
2723,美食-KY,觀光餐旅,2010-11-22,,True,506,2015-05-03,2025-01-05,
2727,王品,觀光餐旅,2012-03-06,,True,506,2015-05-03,2025-01-05,
2801,彰銀,金融,1962-02-15,,True,506,2015-05-03,2025-01-05,
2812,台中銀,金融,1984-05-15,,True,506,2015-05-03,2025-01-05,
2816,旺旺保,金融,1992-05-05,,True,506,2015-05-03,2025-01-05,
2820,華票,金融,1994-10-26,,True,506,2015-05-03,2025-01-05,
2832,台產,金融,1997-09-30,,True,506,2015-05-03,2025-01-05,
2834,臺企銀,金融,1998-01-03,,True,506,2015-05-03,2025-01-05,
2836,高雄銀,金融,1998-05-18,,True,506,2015-05-03,2025-01-05,
2838,聯邦銀,金融,1998-06-29,,True,506,2015-05-03,2025-01-05,
2845,遠東銀,金融,1998-11-27,,True,506,2015-05-03,2025-01-05,
2849,安泰銀,金融,1999-09-27,,True,506,2015-05-03,2025-01-05,
2901,欣欣,貿易百貨,1976-05-07,,True,506,2015-05-03,2025-01-05,
2903,遠百,貿易百貨,1978-10-11,,True,506,2015-05-03,2025-01-05,
2905,三商,貿易百貨,1988-09-19,,True,506,2015-05-03,2025-01-05,
2906,高林,貿易百貨,1989-12-26,,True,506,2015-05-03,2025-01-05,
2908,特力,貿易百貨,1993-02-18,,True,506,2015-05-03,2025-01-05,
2910,統領,貿易百貨,1996-12-30,,True,506,2015-05-03,2025-01-05,
2911,麗嬰房,貿易百貨,1997-01-18,,True,506,2015-05-03,2025-01-05,
2912,統一超,貿易百貨,1997-08-22,,True,506,2015-05-03,2025-01-05,
2913,農林,貿易百貨,1962-02-09,,True,506,2015-05-03,2025-01-05,
2915,潤泰全,貿易百貨,1977-07-20,,True,506,2015-05-03,2025-01-05,
3130,一零四,數位雲端,2006-02-17,,True,506,2015-05-03,2025-01-05,
6165,浪凡,數位雲端,2003-08-04,,True,506,2015-05-03,2025-01-05,
6614,資拓宏宇,數位雲端,2025-11-25,,False,0,,,TWSE 上市日晚於主樣本結束日，無任何觀測
6689,伊雲谷,數位雲端,2022-09-13,,True,121,2022-09-18,2025-01-05,
6902,GOGOLOOK,數位雲端,2023-07-13,,True,78,2023-07-16,2025-01-05,
6906,現觀科,數位雲端,2024-01-15,,True,51,2024-01-21,2025-01-05,
7721,微程式,數位雲端,2025-07-29,,False,0,,,TWSE 上市日晚於主樣本結束日，無任何觀測
7722,LINEPAY,數位雲端,2024-12-05,,True,5,2024-12-08,2025-01-05,
7765,中華資安,數位雲端,2025-09-08,,False,0,,,TWSE 上市日晚於主樣本結束日，無任何觀測
8454,富邦媒,數位雲端,2014-12-19,,True,506,2015-05-03,2025-01-05,
