kind,ticker,status,n_rows,first,last
price,1101,OK,2742,2014-01-02,2025-03-31
price,1102,OK,2742,2014-01-02,2025-03-31
price,1103,OK,2742,2014-01-02,2025-03-31
price,1104,OK,2742,2014-01-02,2025-03-31
price,1108,OK,2742,2014-01-02,2025-03-31
price,1109,OK,2718,2014-01-02,2025-03-31
price,1110,OK,2742,2014-01-02,2025-03-31
price,1201,OK,2742,2014-01-02,2025-03-31
price,1203,OK,2742,2014-01-02,2025-03-31
price,1210,OK,2742,2014-01-02,2025-03-31
price,1213,OK,2624,2014-01-02,2025-03-31
price,1215,OK,2742,2014-01-02,2025-03-31
price,1216,OK,2742,2014-01-02,2025-03-31
price,1217,OK,2742,2014-01-02,2025-03-31
price,1218,OK,2742,2014-01-02,2025-03-31
price,1219,OK,2742,2014-01-02,2025-03-31
price,1220,OK,2742,2014-01-02,2025-03-31
price,1301,OK,2742,2014-01-02,2025-03-31
price,1303,OK,2742,2014-01-02,2025-03-31
price,1304,OK,2742,2014-01-02,2025-03-31
price,1305,OK,2742,2014-01-02,2025-03-31
price,1307,OK,2742,2014-01-02,2025-03-31
price,1308,OK,2742,2014-01-02,2025-03-31
price,1309,OK,2742,2014-01-02,2025-03-31
price,1310,OK,2742,2014-01-02,2025-03-31
price,1312,OK,2742,2014-01-02,2025-03-31
price,1313,OK,2742,2014-01-02,2025-03-31
price,1319,OK,2742,2014-01-02,2025-03-31
price,1338,OK,2742,2014-01-02,2025-03-31
price,1339,OK,2742,2014-01-02,2025-03-31
price,1512,OK,2735,2014-01-02,2025-03-31
price,1521,OK,2742,2014-01-02,2025-03-31
price,1522,OK,2742,2014-01-02,2025-03-31
price,1524,OK,2735,2014-01-02,2025-03-31
price,1525,OK,2742,2014-01-02,2025-03-31
price,1533,OK,2742,2014-01-02,2025-03-31
price,1536,OK,2742,2014-01-02,2025-03-31
price,1402,OK,2742,2014-01-02,2025-03-31
price,1409,OK,2742,2014-01-02,2025-03-31
price,1410,OK,2726,2014-01-02,2025-03-31
price,1413,OK,2732,2014-01-02,2025-03-31
price,1414,OK,2742,2014-01-02,2025-03-31
price,1417,OK,2728,2014-01-02,2025-03-31
price,1418,OK,2735,2014-01-02,2025-03-31
price,1419,OK,2742,2014-01-02,2025-03-31
price,1423,OK,2728,2014-01-02,2025-03-31
price,1434,OK,2742,2014-01-02,2025-03-31
price,1432,OK,2735,2014-01-02,2025-03-31
price,1598,OK,2742,2014-01-02,2025-03-31
price,1736,OK,2742,2014-01-02,2025-03-31
price,2762,OK,281,2024-01-24,2025-03-31
price,4536,OK,2742,2014-01-02,2025-03-31
price,5306,OK,2742,2014-01-02,2025-03-31
price,6670,OK,1782,2017-11-30,2025-03-31
price,6768,OK,958,2021-04-22,2025-03-31
price,6890,OK,193,2024-06-12,2025-03-31
price,6965,OK,17,2025-03-07,2025-03-31
price,1471,OK,2735,2014-01-02,2025-03-31
price,1582,OK,2735,2014-01-02,2025-03-31
price,2059,OK,2742,2014-01-02,2025-03-31
price,2308,OK,2742,2014-01-02,2025-03-31
price,2313,OK,2742,2014-01-02,2025-03-31
price,2316,OK,2724,2014-01-02,2025-03-31
price,2327,OK,2710,2014-01-02,2025-03-31
price,2328,OK,2742,2014-01-02,2025-03-31
price,2355,OK,2742,2014-01-02,2025-03-31
price,2367,OK,2742,2014-01-02,2025-03-31
price,1503,OK,2742,2014-01-02,2025-03-31
price,1504,OK,2742,2014-01-02,2025-03-31
price,1506,OK,2742,2014-01-02,2025-03-31
price,1513,OK,2733,2014-01-02,2025-03-31
price,1514,OK,2742,2014-01-02,2025-03-31
price,1515,OK,2742,2014-01-02,2025-03-31
price,1517,OK,2742,2014-01-02,2025-03-31
price,1519,OK,2742,2014-01-02,2025-03-31
price,1526,OK,2742,2014-01-02,2025-03-31
price,1527,OK,2734,2014-01-02,2025-03-31
price,1603,OK,2632,2014-01-02,2025-03-31
price,1604,OK,2737,2014-01-02,2025-03-31
price,1605,OK,2742,2014-01-02,2025-03-31
price,1608,OK,2742,2014-01-02,2025-03-31
price,1609,OK,2742,2014-01-02,2025-03-31
price,1611,OK,2729,2014-01-02,2025-03-31
price,1612,OK,2742,2014-01-02,2025-03-31
price,1614,OK,2742,2014-01-02,2025-03-31
price,1615,OK,2742,2014-01-02,2025-03-31
price,1616,OK,2742,2014-01-02,2025-03-31
price,1707,OK,2742,2014-01-02,2025-03-31
price,1720,OK,2742,2014-01-02,2025-03-31
price,1731,OK,2742,2014-01-02,2025-03-31
price,1733,OK,2742,2014-01-02,2025-03-31
price,1734,OK,2742,2014-01-02,2025-03-31
price,1752,OK,2742,2014-01-02,2025-03-31
price,1760,OK,2742,2014-01-02,2025-03-31
price,1762,OK,2742,2014-01-02,2025-03-31
price,1783,OK,2742,2014-01-02,2025-03-31
price,1786,OK,2742,2014-01-02,2025-03-31
price,1708,OK,2742,2014-01-02,2025-03-31
price,1709,OK,2735,2014-01-02,2025-03-31
price,1710,OK,2742,2014-01-02,2025-03-31
price,1711,OK,2742,2014-01-02,2025-03-31
price,1712,OK,2742,2014-01-02,2025-03-31
price,1713,OK,2742,2014-01-02,2025-03-31
price,1714,OK,2742,2014-01-02,2025-03-31
price,1717,OK,2735,2014-01-02,2025-03-31
price,1718,OK,2742,2014-01-02,2025-03-31
price,1721,OK,2735,2014-01-02,2025-03-31
price,1802,OK,2742,2014-01-02,2025-03-31
price,1806,OK,2735,2014-01-02,2025-03-31
price,1809,OK,2733,2014-01-02,2025-03-31
price,1810,OK,2736,2014-01-02,2025-03-31
price,1817,OK,2742,2014-01-02,2025-03-31
price,1903,OK,2742,2014-01-02,2025-03-31
price,1904,OK,2742,2014-01-02,2025-03-31
price,1905,OK,2732,2014-01-02,2025-03-31
price,1906,OK,2742,2014-01-02,2025-03-31
price,1907,OK,2742,2014-01-02,2025-03-31
price,1909,OK,2742,2014-01-02,2025-03-31
price,6790,OK,1074,2020-10-27,2025-03-31
price,2002,OK,2742,2014-01-02,2025-03-31
price,2006,OK,2735,2014-01-02,2025-03-31
price,2007,OK,2735,2014-01-02,2025-03-31
price,2008,OK,2742,2014-01-02,2025-03-31
price,2009,OK,2742,2014-01-02,2025-03-31
price,2010,OK,2742,2014-01-02,2025-03-31
price,2012,OK,2742,2014-01-02,2025-03-31
price,2013,OK,2742,2014-01-02,2025-03-31
price,2014,OK,2742,2014-01-02,2025-03-31
price,2015,OK,2742,2014-01-02,2025-03-31
price,2062,OK,2742,2014-01-02,2025-03-31
price,3557,OK,2717,2014-01-02,2025-03-31
price,6671,OK,1526,2018-12-11,2025-03-31
price,6754,OK,1326,2019-10-16,2025-03-31
price,6807,OK,711,2022-04-25,2025-03-31
price,8464,OK,2493,2015-01-06,2025-03-31
price,8482,OK,1609,2018-08-15,2025-03-31
price,9911,OK,2732,2014-01-02,2025-03-31
price,9924,OK,2742,2014-01-02,2025-03-31
price,9934,OK,2742,2014-01-02,2025-03-31
price,2072,OK,1050,2020-11-30,2025-03-31
price,3708,OK,2090,2016-08-31,2025-03-31
price,5292,OK,1267,2020-01-07,2025-03-31
price,6581,OK,2082,2016-09-10,2025-03-31
price,6641,OK,1583,2018-09-21,2025-03-31
price,6869,OK,770,2022-01-19,2025-03-31
price,6873,OK,785,2021-12-28,2025-03-31
price,6887,OK,16,2025-03-10,2025-03-31
price,6923,OK,484,2023-03-30,2025-03-31
price,6944,OK,467,2023-04-27,2025-03-31
price,2101,OK,2742,2014-01-02,2025-03-31
price,2102,OK,2741,2014-01-02,2025-03-31
price,2103,OK,2742,2014-01-02,2025-03-31
price,2104,OK,2742,2014-01-02,2025-03-31
price,2105,OK,2742,2014-01-02,2025-03-31
price,2106,OK,2742,2014-01-02,2025-03-31
price,2107,OK,2717,2014-01-02,2025-03-31
price,2108,OK,2742,2014-01-02,2025-03-31
price,2109,OK,2735,2014-01-02,2025-03-31
price,2114,OK,2742,2014-01-02,2025-03-31
price,2208,OK,2735,2014-01-02,2025-03-31
price,2601,OK,2742,2014-01-02,2025-03-31
price,2603,OK,2735,2014-01-02,2025-03-31
price,2605,OK,2742,2014-01-02,2025-03-31
price,2606,OK,2742,2014-01-02,2025-03-31
price,2607,OK,2742,2014-01-02,2025-03-31
price,2608,OK,2742,2014-01-02,2025-03-31
price,2609,OK,2733,2014-01-02,2025-03-31
price,2610,OK,2742,2014-01-02,2025-03-31
price,2611,OK,2742,2014-01-02,2025-03-31
price,2302,OK,2742,2014-01-02,2025-03-31
price,2303,OK,2742,2014-01-02,2025-03-31
price,2329,OK,2735,2014-01-02,2025-03-31
price,2330,OK,2742,2014-01-02,2025-03-31
price,2337,OK,2733,2014-01-02,2025-03-31
price,2338,OK,2742,2014-01-02,2025-03-31
price,2340,OK,2725,2014-01-02,2025-03-31
price,2342,OK,2734,2014-01-02,2025-03-31
price,2344,OK,2742,2014-01-02,2025-03-31
price,2351,OK,2742,2014-01-02,2025-03-31
price,2312,OK,2742,2014-01-02,2025-03-31
price,2317,OK,2736,2014-01-02,2025-03-31
price,2354,OK,2742,2014-01-02,2025-03-31
price,2359,OK,2735,2014-01-02,2025-03-31
price,2360,OK,2742,2014-01-02,2025-03-31
price,2373,OK,2732,2014-01-02,2025-03-31
price,2390,OK,2735,2014-01-02,2025-03-31
price,2404,OK,2735,2014-01-02,2025-03-31
price,2423,OK,2742,2014-01-02,2025-03-31
price,2433,OK,2742,2014-01-02,2025-03-31
price,2323,OK,2719,2014-01-02,2025-03-31
price,2349,OK,2722,2014-01-02,2025-03-31
price,2374,OK,2734,2014-01-02,2025-03-31
price,2393,OK,2742,2014-01-02,2025-03-31
price,2406,OK,2737,2014-01-02,2025-03-31
price,2409,OK,2735,2014-01-02,2025-03-31
price,2426,OK,2732,2014-01-02,2025-03-31
price,2429,OK,2713,2014-01-02,2025-03-31
price,2438,OK,2725,2014-01-02,2025-03-31
price,2466,OK,2742,2014-01-02,2025-03-31
price,2347,OK,2742,2014-01-02,2025-03-31
price,2414,OK,2742,2014-01-02,2025-03-31
price,2430,OK,2735,2014-01-02,2025-03-31
price,3010,OK,2742,2014-01-02,2025-03-31
price,3028,OK,2742,2014-01-02,2025-03-31
price,3033,OK,2742,2014-01-02,2025-03-31
price,3036,OK,2742,2014-01-02,2025-03-31
price,3048,OK,2742,2014-01-02,2025-03-31
price,3054,OK,2735,2014-01-02,2025-03-31
price,3055,OK,2734,2014-01-02,2025-03-31
price,2427,OK,2742,2014-01-02,2025-03-31
price,2453,OK,2742,2014-01-02,2025-03-31
price,2468,OK,2742,2014-01-02,2025-03-31
price,2471,OK,2742,2014-01-02,2025-03-31
price,2480,OK,2734,2014-01-02,2025-03-31
price,3029,OK,2742,2014-01-02,2025-03-31
price,4994,OK,2735,2014-01-02,2025-03-31
price,5203,OK,2742,2014-01-02,2025-03-31
price,6112,OK,2742,2014-01-02,2025-03-31
price,6183,OK,2742,2014-01-02,2025-03-31
price,2616,OK,2742,2014-01-02,2025-03-31
price,6505,OK,2742,2014-01-02,2025-03-31
price,8926,OK,2742,2014-01-02,2025-03-31
price,9908,OK,2742,2014-01-02,2025-03-31
price,9918,OK,2742,2014-01-02,2025-03-31
price,9926,OK,2740,2014-01-02,2025-03-31
price,9931,OK,2737,2014-01-02,2025-03-31
price,9937,OK,2742,2014-01-02,2025-03-31
price,2701,OK,2742,2014-01-02,2025-03-31
price,2702,OK,2742,2014-01-02,2025-03-31
price,2704,OK,2742,2014-01-02,2025-03-31
price,2705,OK,2735,2014-01-02,2025-03-31
price,2706,OK,2742,2014-01-02,2025-03-31
price,2707,OK,2742,2014-01-02,2025-03-31
price,2712,OK,2742,2014-01-02,2025-03-31
price,2722,OK,2742,2014-01-02,2025-03-31
price,2723,OK,2742,2014-01-02,2025-03-31
price,2727,OK,2742,2014-01-02,2025-03-31
price,2801,OK,2742,2014-01-02,2025-03-31
price,2812,OK,2742,2014-01-02,2025-03-31
price,2816,OK,2742,2014-01-02,2025-03-31
price,2820,OK,2742,2014-01-02,2025-03-31
price,2832,OK,2742,2014-01-02,2025-03-31
price,2834,OK,2742,2014-01-02,2025-03-31
price,2836,OK,2742,2014-01-02,2025-03-31
price,2838,OK,2742,2014-01-02,2025-03-31
price,2845,OK,2742,2014-01-02,2025-03-31
price,2849,OK,2742,2014-01-02,2025-03-31
price,2901,OK,2742,2014-01-02,2025-03-31
price,2903,OK,2742,2014-01-02,2025-03-31
price,2905,OK,2742,2014-01-02,2025-03-31
price,2906,OK,2742,2014-01-02,2025-03-31
price,2908,OK,2742,2014-01-02,2025-03-31
price,2910,OK,2741,2014-01-02,2025-03-31
price,2911,OK,2728,2014-01-02,2025-03-31
price,2912,OK,2742,2014-01-02,2025-03-31
price,2913,OK,2742,2014-01-02,2025-03-31
price,2915,OK,2735,2014-01-02,2025-03-31
price,3130,OK,2742,2014-01-02,2025-03-31
price,6165,OK,2732,2014-01-02,2025-03-31
price,6614,OK,136,2024-09-03,2025-03-31
price,6689,OK,1630,2018-07-17,2025-03-31
price,6902,OK,415,2023-07-13,2025-03-31
price,6906,OK,548,2022-12-15,2025-03-31
price,7721,OK,297,2024-01-02,2025-03-31
price,7722,OK,279,2024-01-26,2025-03-31
price,7765,OK,146,2024-08-20,2025-03-31
price,8454,OK,2708,2014-02-27,2025-03-31
inst,1101,OK,12506,2014-01-02,2025-03-31
inst,1102,OK,12509,2014-01-02,2025-03-31
inst,1103,OK,12473,2014-01-02,2025-03-31
inst,1104,OK,12488,2014-01-02,2025-03-31
inst,1108,OK,11698,2014-01-02,2025-03-31
inst,1109,OK,10952,2014-01-02,2025-03-31
inst,1110,OK,10728,2014-01-02,2025-03-31
inst,1201,OK,12500,2014-01-02,2025-03-31
inst,1203,OK,11160,2014-01-02,2025-03-31
inst,1210,OK,12514,2014-01-02,2025-03-31
inst,1213,OK,3480,2014-01-06,2025-03-31
inst,1215,OK,12510,2014-01-02,2025-03-31
inst,1216,OK,12510,2014-01-02,2025-03-31
inst,1217,OK,12477,2014-01-02,2025-03-31
inst,1218,OK,12492,2014-01-02,2025-03-31
inst,1219,OK,10893,2014-01-02,2025-03-31
inst,1220,OK,10356,2014-01-06,2025-03-31
inst,1301,OK,12514,2014-01-02,2025-03-31
inst,1303,OK,12514,2014-01-02,2025-03-31
inst,1304,OK,12496,2014-01-02,2025-03-31
inst,1305,OK,12514,2014-01-02,2025-03-31
inst,1307,OK,12397,2014-01-02,2025-03-31
inst,1308,OK,12493,2014-01-02,2025-03-31
inst,1309,MISSING,0,,
inst,1310,MISSING,0,,
inst,1312,MISSING,0,,
inst,1313,MISSING,0,,
inst,1319,MISSING,0,,
inst,1338,MISSING,0,,
inst,1339,MISSING,0,,
inst,1512,MISSING,0,,
inst,1521,MISSING,0,,
inst,1522,MISSING,0,,
inst,1524,MISSING,0,,
inst,1525,MISSING,0,,
inst,1533,MISSING,0,,
inst,1536,MISSING,0,,
inst,1402,MISSING,0,,
inst,1409,MISSING,0,,
inst,1410,MISSING,0,,
inst,1413,MISSING,0,,
inst,1414,MISSING,0,,
inst,1417,MISSING,0,,
inst,1418,MISSING,0,,
inst,1419,MISSING,0,,
inst,1423,MISSING,0,,
inst,1434,MISSING,0,,
inst,1432,MISSING,0,,
inst,1598,MISSING,0,,
inst,1736,MISSING,0,,
inst,2762,MISSING,0,,
inst,4536,MISSING,0,,
inst,5306,MISSING,0,,
inst,6670,MISSING,0,,
inst,6768,MISSING,0,,
inst,6890,MISSING,0,,
inst,6965,MISSING,0,,
inst,1471,MISSING,0,,
inst,1582,MISSING,0,,
inst,2059,MISSING,0,,
inst,2308,MISSING,0,,
inst,2313,MISSING,0,,
inst,2316,MISSING,0,,
inst,2327,MISSING,0,,
inst,2328,MISSING,0,,
inst,2355,MISSING,0,,
inst,2367,MISSING,0,,
inst,1503,MISSING,0,,
inst,1504,MISSING,0,,
inst,1506,MISSING,0,,
inst,1513,MISSING,0,,
inst,1514,MISSING,0,,
inst,1515,MISSING,0,,
inst,1517,MISSING,0,,
inst,1519,MISSING,0,,
inst,1526,MISSING,0,,
inst,1527,MISSING,0,,
inst,1603,MISSING,0,,
inst,1604,MISSING,0,,
inst,1605,MISSING,0,,
inst,1608,MISSING,0,,
inst,1609,MISSING,0,,
inst,1611,MISSING,0,,
inst,1612,MISSING,0,,
inst,1614,MISSING,0,,
inst,1615,MISSING,0,,
inst,1616,MISSING,0,,
inst,1707,MISSING,0,,
inst,1720,MISSING,0,,
inst,1731,MISSING,0,,
inst,1733,MISSING,0,,
inst,1734,MISSING,0,,
inst,1752,MISSING,0,,
inst,1760,MISSING,0,,
inst,1762,MISSING,0,,
inst,1783,MISSING,0,,
inst,1786,MISSING,0,,
inst,1708,MISSING,0,,
inst,1709,MISSING,0,,
inst,1710,MISSING,0,,
inst,1711,MISSING,0,,
inst,1712,MISSING,0,,
inst,1713,MISSING,0,,
inst,1714,MISSING,0,,
inst,1717,MISSING,0,,
inst,1718,MISSING,0,,
inst,1721,MISSING,0,,
inst,1802,MISSING,0,,
inst,1806,MISSING,0,,
inst,1809,MISSING,0,,
inst,1810,MISSING,0,,
inst,1817,MISSING,0,,
inst,1903,MISSING,0,,
inst,1904,MISSING,0,,
inst,1905,MISSING,0,,
inst,1906,MISSING,0,,
inst,1907,MISSING,0,,
inst,1909,MISSING,0,,
inst,6790,MISSING,0,,
inst,2002,MISSING,0,,
inst,2006,MISSING,0,,
inst,2007,MISSING,0,,
inst,2008,MISSING,0,,
inst,2009,MISSING,0,,
inst,2010,MISSING,0,,
inst,2012,MISSING,0,,
inst,2013,MISSING,0,,
inst,2014,MISSING,0,,
inst,2015,MISSING,0,,
inst,2062,MISSING,0,,
inst,3557,MISSING,0,,
inst,6671,MISSING,0,,
inst,6754,MISSING,0,,
inst,6807,MISSING,0,,
inst,8464,MISSING,0,,
inst,8482,MISSING,0,,
inst,9911,MISSING,0,,
inst,9924,MISSING,0,,
inst,9934,MISSING,0,,
inst,2072,MISSING,0,,
inst,3708,MISSING,0,,
inst,5292,MISSING,0,,
inst,6581,MISSING,0,,
inst,6641,MISSING,0,,
inst,6869,MISSING,0,,
inst,6873,MISSING,0,,
inst,6887,MISSING,0,,
inst,6923,MISSING,0,,
inst,6944,MISSING,0,,
inst,2101,MISSING,0,,
inst,2102,MISSING,0,,
inst,2103,MISSING,0,,
inst,2104,MISSING,0,,
inst,2105,MISSING,0,,
inst,2106,MISSING,0,,
inst,2107,MISSING,0,,
inst,2108,MISSING,0,,
inst,2109,MISSING,0,,
inst,2114,MISSING,0,,
inst,2208,MISSING,0,,
inst,2601,MISSING,0,,
inst,2603,MISSING,0,,
inst,2605,MISSING,0,,
inst,2606,MISSING,0,,
inst,2607,MISSING,0,,
inst,2608,MISSING,0,,
inst,2609,MISSING,0,,
inst,2610,MISSING,0,,
inst,2611,MISSING,0,,
inst,2302,MISSING,0,,
inst,2303,MISSING,0,,
inst,2329,MISSING,0,,
inst,2330,MISSING,0,,
inst,2337,MISSING,0,,
inst,2338,MISSING,0,,
inst,2340,MISSING,0,,
inst,2342,MISSING,0,,
inst,2344,MISSING,0,,
inst,2351,MISSING,0,,
inst,2312,MISSING,0,,
inst,2317,MISSING,0,,
inst,2354,MISSING,0,,
inst,2359,MISSING,0,,
inst,2360,MISSING,0,,
inst,2373,MISSING,0,,
inst,2390,MISSING,0,,
inst,2404,MISSING,0,,
inst,2423,MISSING,0,,
inst,2433,MISSING,0,,
inst,2323,MISSING,0,,
inst,2349,MISSING,0,,
inst,2374,MISSING,0,,
inst,2393,MISSING,0,,
inst,2406,MISSING,0,,
inst,2409,MISSING,0,,
inst,2426,MISSING,0,,
inst,2429,MISSING,0,,
inst,2438,MISSING,0,,
inst,2466,MISSING,0,,
inst,2347,MISSING,0,,
inst,2414,MISSING,0,,
inst,2430,MISSING,0,,
inst,3010,MISSING,0,,
inst,3028,MISSING,0,,
inst,3033,MISSING,0,,
inst,3036,MISSING,0,,
inst,3048,MISSING,0,,
inst,3054,MISSING,0,,
inst,3055,MISSING,0,,
inst,2427,MISSING,0,,
inst,2453,MISSING,0,,
inst,2468,MISSING,0,,
inst,2471,MISSING,0,,
inst,2480,MISSING,0,,
inst,3029,MISSING,0,,
inst,4994,MISSING,0,,
inst,5203,MISSING,0,,
inst,6112,MISSING,0,,
inst,6183,MISSING,0,,
inst,2616,MISSING,0,,
inst,6505,MISSING,0,,
inst,8926,MISSING,0,,
inst,9908,MISSING,0,,
inst,9918,MISSING,0,,
inst,9926,MISSING,0,,
inst,9931,MISSING,0,,
inst,9937,MISSING,0,,
inst,2701,MISSING,0,,
inst,2702,MISSING,0,,
inst,2704,MISSING,0,,
inst,2705,MISSING,0,,
inst,2706,MISSING,0,,
inst,2707,MISSING,0,,
inst,2712,MISSING,0,,
inst,2722,MISSING,0,,
inst,2723,MISSING,0,,
inst,2727,MISSING,0,,
inst,2801,MISSING,0,,
inst,2812,MISSING,0,,
inst,2816,MISSING,0,,
inst,2820,MISSING,0,,
inst,2832,MISSING,0,,
inst,2834,MISSING,0,,
inst,2836,MISSING,0,,
inst,2838,MISSING,0,,
inst,2845,MISSING,0,,
inst,2849,MISSING,0,,
inst,2901,MISSING,0,,
inst,2903,MISSING,0,,
inst,2905,MISSING,0,,
inst,2906,MISSING,0,,
inst,2908,MISSING,0,,
inst,2910,MISSING,0,,
inst,2911,MISSING,0,,
inst,2912,MISSING,0,,
inst,2913,MISSING,0,,
inst,2915,MISSING,0,,
inst,3130,MISSING,0,,
inst,6165,MISSING,0,,
inst,6614,MISSING,0,,
inst,6689,MISSING,0,,
inst,6902,MISSING,0,,
inst,6906,MISSING,0,,
inst,7721,MISSING,0,,
inst,7722,MISSING,0,,
inst,7765,MISSING,0,,
inst,8454,MISSING,0,,
dividend,1101,MISSING,0,,
dividend,1102,MISSING,0,,
dividend,1103,MISSING,0,,
dividend,1104,MISSING,0,,
dividend,1108,MISSING,0,,
dividend,1109,MISSING,0,,
dividend,1110,MISSING,0,,
dividend,1201,MISSING,0,,
dividend,1203,MISSING,0,,
dividend,1210,MISSING,0,,
dividend,1213,MISSING,0,,
dividend,1215,MISSING,0,,
dividend,1216,MISSING,0,,
dividend,1217,MISSING,0,,
dividend,1218,MISSING,0,,
dividend,1219,MISSING,0,,
dividend,1220,MISSING,0,,
dividend,1301,MISSING,0,,
dividend,1303,MISSING,0,,
dividend,1304,MISSING,0,,
dividend,1305,MISSING,0,,
dividend,1307,MISSING,0,,
dividend,1308,MISSING,0,,
dividend,1309,MISSING,0,,
dividend,1310,MISSING,0,,
dividend,1312,MISSING,0,,
dividend,1313,MISSING,0,,
dividend,1319,MISSING,0,,
dividend,1338,MISSING,0,,
dividend,1339,MISSING,0,,
dividend,1512,MISSING,0,,
dividend,1521,MISSING,0,,
dividend,1522,MISSING,0,,
dividend,1524,MISSING,0,,
dividend,1525,MISSING,0,,
dividend,1533,MISSING,0,,
dividend,1536,MISSING,0,,
dividend,1402,MISSING,0,,
dividend,1409,MISSING,0,,
dividend,1410,MISSING,0,,
dividend,1413,MISSING,0,,
dividend,1414,MISSING,0,,
dividend,1417,MISSING,0,,
dividend,1418,MISSING,0,,
dividend,1419,MISSING,0,,
dividend,1423,MISSING,0,,
dividend,1434,MISSING,0,,
dividend,1432,MISSING,0,,
dividend,1598,MISSING,0,,
dividend,1736,MISSING,0,,
dividend,2762,MISSING,0,,
dividend,4536,MISSING,0,,
dividend,5306,MISSING,0,,
dividend,6670,MISSING,0,,
dividend,6768,MISSING,0,,
dividend,6890,MISSING,0,,
dividend,6965,MISSING,0,,
dividend,1471,MISSING,0,,
dividend,1582,MISSING,0,,
dividend,2059,MISSING,0,,
dividend,2308,MISSING,0,,
dividend,2313,MISSING,0,,
dividend,2316,MISSING,0,,
dividend,2327,MISSING,0,,
dividend,2328,MISSING,0,,
dividend,2355,MISSING,0,,
dividend,2367,MISSING,0,,
dividend,1503,MISSING,0,,
dividend,1504,MISSING,0,,
dividend,1506,MISSING,0,,
dividend,1513,MISSING,0,,
dividend,1514,MISSING,0,,
dividend,1515,MISSING,0,,
dividend,1517,MISSING,0,,
dividend,1519,MISSING,0,,
dividend,1526,MISSING,0,,
dividend,1527,MISSING,0,,
dividend,1603,MISSING,0,,
dividend,1604,MISSING,0,,
dividend,1605,MISSING,0,,
dividend,1608,MISSING,0,,
dividend,1609,MISSING,0,,
dividend,1611,MISSING,0,,
dividend,1612,MISSING,0,,
dividend,1614,MISSING,0,,
dividend,1615,MISSING,0,,
dividend,1616,MISSING,0,,
dividend,1707,MISSING,0,,
dividend,1720,MISSING,0,,
dividend,1731,MISSING,0,,
dividend,1733,MISSING,0,,
dividend,1734,MISSING,0,,
dividend,1752,MISSING,0,,
dividend,1760,MISSING,0,,
dividend,1762,MISSING,0,,
dividend,1783,MISSING,0,,
dividend,1786,MISSING,0,,
dividend,1708,MISSING,0,,
dividend,1709,MISSING,0,,
dividend,1710,MISSING,0,,
dividend,1711,MISSING,0,,
dividend,1712,MISSING,0,,
dividend,1713,MISSING,0,,
dividend,1714,MISSING,0,,
dividend,1717,MISSING,0,,
dividend,1718,MISSING,0,,
dividend,1721,MISSING,0,,
dividend,1802,MISSING,0,,
dividend,1806,MISSING,0,,
dividend,1809,MISSING,0,,
dividend,1810,MISSING,0,,
dividend,1817,MISSING,0,,
dividend,1903,MISSING,0,,
dividend,1904,MISSING,0,,
dividend,1905,MISSING,0,,
dividend,1906,MISSING,0,,
dividend,1907,MISSING,0,,
dividend,1909,MISSING,0,,
dividend,6790,MISSING,0,,
dividend,2002,MISSING,0,,
dividend,2006,MISSING,0,,
dividend,2007,MISSING,0,,
dividend,2008,MISSING,0,,
dividend,2009,MISSING,0,,
dividend,2010,MISSING,0,,
dividend,2012,MISSING,0,,
dividend,2013,MISSING,0,,
dividend,2014,MISSING,0,,
dividend,2015,MISSING,0,,
dividend,2062,MISSING,0,,
dividend,3557,MISSING,0,,
dividend,6671,MISSING,0,,
dividend,6754,MISSING,0,,
dividend,6807,MISSING,0,,
dividend,8464,MISSING,0,,
dividend,8482,MISSING,0,,
dividend,9911,MISSING,0,,
dividend,9924,MISSING,0,,
dividend,9934,MISSING,0,,
dividend,2072,MISSING,0,,
dividend,3708,MISSING,0,,
dividend,5292,MISSING,0,,
dividend,6581,MISSING,0,,
dividend,6641,MISSING,0,,
dividend,6869,MISSING,0,,
dividend,6873,MISSING,0,,
dividend,6887,MISSING,0,,
dividend,6923,MISSING,0,,
dividend,6944,MISSING,0,,
dividend,2101,MISSING,0,,
dividend,2102,MISSING,0,,
dividend,2103,MISSING,0,,
dividend,2104,MISSING,0,,
dividend,2105,MISSING,0,,
dividend,2106,MISSING,0,,
dividend,2107,MISSING,0,,
dividend,2108,MISSING,0,,
dividend,2109,MISSING,0,,
dividend,2114,MISSING,0,,
dividend,2208,MISSING,0,,
dividend,2601,MISSING,0,,
dividend,2603,MISSING,0,,
dividend,2605,MISSING,0,,
dividend,2606,MISSING,0,,
dividend,2607,MISSING,0,,
dividend,2608,MISSING,0,,
dividend,2609,MISSING,0,,
dividend,2610,MISSING,0,,
dividend,2611,MISSING,0,,
dividend,2302,MISSING,0,,
dividend,2303,MISSING,0,,
dividend,2329,MISSING,0,,
dividend,2330,MISSING,0,,
dividend,2337,MISSING,0,,
dividend,2338,MISSING,0,,
dividend,2340,MISSING,0,,
dividend,2342,MISSING,0,,
dividend,2344,MISSING,0,,
dividend,2351,MISSING,0,,
dividend,2312,MISSING,0,,
dividend,2317,MISSING,0,,
dividend,2354,MISSING,0,,
dividend,2359,MISSING,0,,
dividend,2360,MISSING,0,,
dividend,2373,MISSING,0,,
dividend,2390,MISSING,0,,
dividend,2404,MISSING,0,,
dividend,2423,MISSING,0,,
dividend,2433,MISSING,0,,
dividend,2323,MISSING,0,,
dividend,2349,MISSING,0,,
dividend,2374,MISSING,0,,
dividend,2393,MISSING,0,,
dividend,2406,MISSING,0,,
dividend,2409,MISSING,0,,
dividend,2426,MISSING,0,,
dividend,2429,MISSING,0,,
dividend,2438,MISSING,0,,
dividend,2466,MISSING,0,,
dividend,2347,MISSING,0,,
dividend,2414,MISSING,0,,
dividend,2430,MISSING,0,,
dividend,3010,MISSING,0,,
dividend,3028,MISSING,0,,
dividend,3033,MISSING,0,,
dividend,3036,MISSING,0,,
dividend,3048,MISSING,0,,
dividend,3054,MISSING,0,,
dividend,3055,MISSING,0,,
dividend,2427,MISSING,0,,
dividend,2453,MISSING,0,,
dividend,2468,MISSING,0,,
dividend,2471,MISSING,0,,
dividend,2480,MISSING,0,,
dividend,3029,MISSING,0,,
dividend,4994,MISSING,0,,
dividend,5203,MISSING,0,,
dividend,6112,MISSING,0,,
dividend,6183,MISSING,0,,
dividend,2616,MISSING,0,,
dividend,6505,MISSING,0,,
dividend,8926,MISSING,0,,
dividend,9908,MISSING,0,,
dividend,9918,MISSING,0,,
dividend,9926,MISSING,0,,
dividend,9931,MISSING,0,,
dividend,9937,MISSING,0,,
dividend,2701,MISSING,0,,
dividend,2702,MISSING,0,,
dividend,2704,MISSING,0,,
dividend,2705,MISSING,0,,
dividend,2706,MISSING,0,,
dividend,2707,MISSING,0,,
dividend,2712,MISSING,0,,
dividend,2722,MISSING,0,,
dividend,2723,MISSING,0,,
dividend,2727,MISSING,0,,
dividend,2801,MISSING,0,,
dividend,2812,MISSING,0,,
dividend,2816,MISSING,0,,
dividend,2820,MISSING,0,,
dividend,2832,MISSING,0,,
dividend,2834,MISSING,0,,
dividend,2836,MISSING,0,,
dividend,2838,MISSING,0,,
dividend,2845,MISSING,0,,
dividend,2849,MISSING,0,,
dividend,2901,MISSING,0,,
dividend,2903,MISSING,0,,
dividend,2905,MISSING,0,,
dividend,2906,MISSING,0,,
dividend,2908,MISSING,0,,
dividend,2910,MISSING,0,,
dividend,2911,MISSING,0,,
dividend,2912,MISSING,0,,
dividend,2913,MISSING,0,,
dividend,2915,MISSING,0,,
dividend,3130,MISSING,0,,
dividend,6165,MISSING,0,,
dividend,6614,MISSING,0,,
dividend,6689,MISSING,0,,
dividend,6902,MISSING,0,,
dividend,6906,MISSING,0,,
dividend,7721,MISSING,0,,
dividend,7722,MISSING,0,,
dividend,7765,MISSING,0,,
dividend,8454,MISSING,0,,
