ticker,name_short,sector,collision_group,is_code_only,code_only_reason,variants,match_mode,blocked_after,blocked_before,n_matches,n_code,n_name,n_name_with_context
2603,長榮,航運,長榮系,False,,長榮海運,name_with_context,,,3437,3131,0,306
1605,華新,電器電纜,華新系,False,,華新麗華,name_with_context,科,,506,482,0,24
1216,統一,食品,統一系,True,統一（統一證券／投信／投顧／獅／動詞「統一」：20 筆抽驗 18 筆誤配）,統一,name_with_context,證;投信;投顧;投;超;獅;發票;數位;夢公園;時代;生機;速達;陽光,台灣,497,497,0,0
2912,統一超,貿易百貨,統一系,True,統一超,統一超,name,,,189,189,0,0
1907,永豐餘,造紙,永豐系,False,,永豐餘,name,生技,,343,115,228,0
6790,永豐實,造紙,永豐系,False,,永豐實,name_with_context,,,39,29,0,10
1414,東和,紡織,東和系,True,東和,東和,name_with_context,,,17,17,0,0
2006,東和鋼鐵,鋼鐵,東和系,False,,東和鋼鐵,name,,,198,101,97,0
1301,台塑,塑膠,台塑系,False,,台塑,name_with_context,,,1354,537,0,817
6505,台塑化,油電燃氣,台塑系,False,,台塑化,name,,,588,262,326,0
1304,台聚,塑膠,台亞台聚,False,,台聚,name,集,平,234,104,130,0
2340,台亞,半導體,台亞台聚,False,,台亞,name_with_context,,,162,145,0,17
2002,中鋼,鋼鐵,中鋼系,False,,中鋼,name_with_context,構;鴻,台灣;興,2745,1465,0,1280
2013,中鋼構,鋼鐵,中鋼系,False,,中鋼構,name,,,175,70,105,0
2014,中鴻,鋼鐵,中鋼系,False,,中鴻,name_with_context,,,690,392,0,298
1762,中化生,生技,中化系,False,,中化生,name_with_context,,,78,50,0,28
2427,三商電,資訊服務,三商系,False,,三商電,name,,,43,30,13,0
2905,三商,貿易百貨,三商系,True,三商（三商壽／銀／餐飲／家購／巧福／人壽：17 筆抽驗全數誤配）,三商,name_with_context,壽;銀;美邦;餐飲;家購;電;行,,40,40,0,0
1101,台泥,水泥,,False,,台泥,name_with_context,,,1148,717,0,431
1102,亞泥,水泥,,False,,亞泥,name_with_context,,,643,394,0,249
1103,嘉泥,水泥,,False,,嘉泥,name_with_context,,,70,42,0,28
1104,環泥,水泥,,False,,環泥,name_with_context,,,119,96,0,23
1108,幸福,水泥,,True,幸福,幸福,name_with_context,,,30,30,0,0
1109,信大,水泥,,True,信大,信大,name_with_context,,,52,52,0,0
1110,東泥,水泥,,False,,東泥,name_with_context,,,57,52,0,5
1201,味全,食品,,False,,味全,name_with_context,,,227,144,0,83
1203,味王,食品,,True,味王,味王,name_with_context,,,36,36,0,0
1210,大成,食品,,True,大成,大成,name_with_context,,,200,200,0,0
1213,大飲,食品,,False,,大飲,name_with_context,,,91,69,0,22
1215,卜蜂,食品,,False,,卜蜂,name_with_context,,,323,221,0,102
1217,愛之味,食品,,False,,愛之味,name,,,124,74,50,0
1218,泰山,食品,,False,,泰山,name_with_context,,,240,123,0,117
1219,福壽,食品,,False,,福壽,name_with_context,,,59,44,0,15
1220,台榮,食品,,False,,台榮,name_with_context,,,60,54,0,6
1303,南亞,塑膠,,True,南亞,南亞,name_with_context,,,407,407,0,0
1305,華夏,塑膠,,False,,華夏,name_with_context,,,256,183,0,73
1307,三芳,塑膠,,False,,三芳,name_with_context,,,70,56,0,14
1308,亞聚,塑膠,,False,,亞聚,name_with_context,,,136,86,0,50
1309,台達化,塑膠,,False,,台達化,name,,,120,50,70,0
1310,台苯,塑膠,,False,,台苯,name_with_context,,,190,142,0,48
1312,國喬,塑膠,,False,,國喬,name_with_context,,,305,243,0,62
1313,聯成,塑膠,,False,,聯成,name_with_context,,,93,55,0,38
1319,東陽,汽車,,False,,東陽,name_with_context,,,273,233,0,40
1338,廣華-KY,汽車,,False,,廣華;廣華-KY,name_with_context,,,46,39,0,7
1339,昭輝,汽車,,False,,昭輝,name_with_context,,,36,33,0,3
1402,遠東新,紡織,,True,遠東新,遠東新,name,,,486,486,0,0
1409,新纖,紡織,,False,,新纖,name_with_context,,,107,74,0,33
1410,南染,紡織,,False,,南染,name_with_context,,,20,13,0,7
1413,宏洲,紡織,,False,,宏洲,name_with_context,,,59,55,0,4
1417,嘉裕,紡織,,False,,嘉裕,name_with_context,,,41,34,0,7
1418,東華,紡織,,True,東華,東華,name_with_context,,,8,8,0,0
1419,新紡,紡織,,False,,新紡,name_with_context,,,12,6,0,6
1423,利華,紡織,,True,利華,利華,name_with_context,,,9,9,0,0
1432,大魯閣,運動休閒,,True,大魯閣,大魯閣,name,,,64,64,0,0
1434,福懋,紡織,,False,,福懋,name_with_context,,,147,77,0,70
1471,首利,電子零組件,,True,首利,首利,name_with_context,,,23,23,0,0
1503,士電,電機機械,,False,,士電,name_with_context,,,251,162,0,89
1504,東元,電機機械,,False,,東元,name_with_context,,,332,228,0,104
1506,正道,電機機械,,True,正道,正道,name_with_context,,,37,37,0,0
1512,瑞利,汽車,,False,,瑞利,name_with_context,,,31,20,0,11
1513,中興電,電機機械,,False,,中興電,name,,,616,324,292,0
1514,亞力,電機機械,,True,亞力,亞力,name_with_context,,,152,152,0,0
1515,力山,電機機械,,True,力山,力山,name_with_context,,,113,113,0,0
1517,利奇,電機機械,,True,利奇,利奇,name_with_context,,,26,26,0,0
1519,華城,電機機械,,False,,華城,name_with_context,,,440,271,0,169
1521,大億,汽車,,False,,大億,name_with_context,,,82,62,0,20
1522,堤維西,汽車,,False,,堤維西,name,,,97,50,47,0
1524,耿鼎,汽車,,False,,耿鼎,name_with_context,,,96,65,0,31
1525,江申,汽車,,False,,江申,name_with_context,,,44,29,0,15
1526,日馳,電機機械,,False,,日馳,name_with_context,,,41,22,0,19
1527,鑽全,電機機械,,False,,鑽全,name_with_context,,,109,86,0,23
1533,車王電,汽車,,False,,車王電,name,,,76,43,33,0
1536,和大,汽車,,False,,和大,name_with_context,,,747,240,0,507
1582,信錦,電子零組件,,False,,信錦,name_with_context,,,63,51,0,12
1598,岱宇,運動休閒,,False,,岱宇,name_with_context,,,67,53,0,14
1603,華電,電器電纜,,False,,華電,name_with_context,子,中;聯;福;大,103,33,0,70
1604,聲寶,電器電纜,,False,,聲寶,name_with_context,,,46,29,0,17
1608,華榮,電器電纜,,False,,華榮,name_with_context,,,80,53,0,27
1609,大亞,電器電纜,,True,大亞,大亞,name_with_context,,,164,164,0,0
1611,中電,電器電纜,,True,中電,中電,name_with_context,,,43,43,0,0
1612,宏泰,電器電纜,,False,,宏泰,name_with_context,,,54,34,0,20
1614,三洋電,電器電纜,,False,,三洋電,name,,,22,12,10,0
1615,大山,電器電纜,,True,大山,大山,name_with_context,,,24,24,0,0
1616,億泰,電器電纜,,False,,億泰,name_with_context,,,40,17,0,23
1707,葡萄王,生技,,False,,葡萄王,name,,,243,161,82,0
1708,東鹼,化學,,False,,東鹼,name_with_context,,,155,115,0,40
1709,和益,化學,,False,,和益,name_with_context,,,41,30,0,11
1710,東聯,化學,,False,,東聯,name_with_context,,,203,150,0,53
1711,永光,化學,,False,,永光,name_with_context,,,118,71,0,47
1712,興農,化學,,False,,興農,name_with_context,,,124,57,0,67
1713,國化,化學,,False,,國化,name_with_context,,,43,16,0,27
1714,和桐,化學,,False,,和桐,name_with_context,,,46,38,0,8
1717,長興,化學,,False,,長興,name_with_context,,,83,63,0,20
1718,中纖,化學,,False,,中纖,name_with_context,,,121,85,0,36
1720,生達,生技,,False,,生達,name_with_context,,,98,64,0,34
1721,三晃,化學,,False,,三晃,name_with_context,,,114,78,0,36
1731,美吾華,生技,,False,,美吾華,name,,,78,58,20,0
1733,五鼎,生技,,False,,五鼎,name_with_context,,,27,24,0,3
1734,杏輝,生技,,False,,杏輝,name_with_context,,,147,54,0,93
1736,喬山,運動休閒,,True,喬山,喬山,name_with_context,,,60,60,0,0
1752,南光,生技,,False,,南光,name_with_context,,,113,95,0,18
1760,寶齡富錦,生技,,False,,寶齡富錦,name,,,327,183,144,0
1783,和康生,生技,,False,,和康生,name,,,57,36,21,0
1786,科妍,生技,,False,,科妍,name_with_context,,,55,38,0,17
1802,台玻,玻璃,,False,,台玻,name_with_context,,,229,158,0,71
1806,冠軍,玻璃,,True,冠軍（銷售冠軍／冠軍教練／交投冠軍：抽驗 6 筆全數為普通名詞）,冠軍,name_with_context,,,21,21,0,0
1809,中釉,玻璃,,False,,中釉,name_with_context,,,29,19,0,10
1810,和成,玻璃,,False,,和成,name_with_context,,,249,29,0,220
1817,凱撒衛,玻璃,,False,,凱撒衛,name,,,33,27,6,0
1903,士紙,造紙,,False,,士紙,name_with_context,,,63,44,0,19
1904,正隆,造紙,,False,,正隆,name_with_context,,,246,147,0,99
1905,華紙,造紙,,False,,華紙,name_with_context,,,116,67,0,49
1906,寶隆,造紙,,False,,寶隆,name_with_context,,,66,52,0,14
1909,榮成,造紙,,False,,榮成,name_with_context,,,347,227,0,120
2007,燁興,鋼鐵,,False,,燁興,name_with_context,,,86,50,0,36
2008,高興昌,鋼鐵,,False,,高興昌,name,,,43,25,18,0
2009,第一銅,鋼鐵,,False,,第一銅,name,,,229,86,143,0
2010,春源,鋼鐵,,True,春源,春源,name_with_context,,,37,37,0,0
2012,春雨,鋼鐵,,True,春雨,春雨,name_with_context,,,30,30,0,0
2015,豐興,鋼鐵,,False,,豐興,name_with_context,,,123,83,0,40
2059,川湖,電子零組件,,False,,川湖,name_with_context,,,181,150,0,31
2062,橋椿,居家生活,,False,,橋椿,name_with_context,,,70,63,0,7
2072,世紀風電,綠能環保,,False,,世紀風電,name,,,29,10,19,0
2101,南港,橡膠,,True,南港,南港,name_with_context,,,45,45,0,0
2102,泰豐,橡膠,,False,,泰豐,name_with_context,,,99,66,0,33
2103,台橡,橡膠,,False,,台橡,name_with_context,,,124,97,0,27
2104,國際中橡,橡膠,,False,,國際中橡,name,,,119,90,29,0
2105,正新,橡膠,,False,,正新,name_with_context,,,344,221,0,123
2106,建大,橡膠,,False,,建大,name_with_context,,,109,64,0,45
2107,厚生,橡膠,,False,,厚生,name_with_context,,,32,20,0,12
2108,南帝,橡膠,,False,,南帝,name_with_context,,,243,188,0,55
2109,華豐,橡膠,,False,,華豐,name_with_context,,,23,16,0,7
2114,鑫永銓,橡膠,,False,,鑫永銓,name,,,27,17,10,0
2208,台船,航運,,False,,台船,name_with_context,,,264,144,0,120
2302,麗正,半導體,,False,,麗正,name_with_context,,,24,17,0,7
2303,聯電,半導體,,False,,聯電,name_with_context,,,4179,2035,0,2144
2308,台達電,電子零組件,,False,,台達電,name,,,1441,694,747,0
2312,金寶,其他電子,,False,,金寶,name_with_context,,,350,135,0,215
2313,華通,電子零組件,,False,,華通,name_with_context,,,976,737,0,239
2316,楠梓電,電子零組件,,False,,楠梓電,name,,,344,243,101,0
2317,鴻海,其他電子,,False,,鴻海,name_with_context,,,6211,2990,0,3221
2323,中環,光電,,False,,中環,name_with_context,,,789,464,0,325
2327,國巨*,電子零組件,,False,,國巨;國巨*,name_with_context,,,2296,884,0,1412
2328,廣宇,電子零組件,,False,,廣宇,name_with_context,,,128,73,0,55
2329,華泰,半導體,,False,,華泰,name_with_context,,,240,159,0,81
2330,台積電,半導體,,False,,台積電;台積,name,,,27108,6638,20470,0
2337,旺宏,半導體,,False,,旺宏,name_with_context,,,1296,733,0,563
2338,光罩,半導體,,False,,光罩,name_with_context,,,297,178,0,119
2342,茂矽,半導體,,False,,茂矽,name_with_context,,,91,65,0,26
2344,華邦電,半導體,,False,,華邦電,name,,,1392,707,685,0
2347,聯強,電子通路,,False,,聯強,name_with_context,,,354,283,0,71
2349,錸德,光電,,False,,錸德,name_with_context,,,281,183,0,98
2351,順德,半導體,,False,,順德,name_with_context,,,203,146,0,57
2354,鴻準,其他電子,,False,,鴻準,name_with_context,,,461,318,0,143
2355,敬鵬,電子零組件,,False,,敬鵬,name_with_context,,,195,170,0,25
2359,所羅門,其他電子,,False,,所羅門,name,,,240,157,83,0
2360,致茂,其他電子,,False,,致茂,name_with_context,,,210,165,0,45
2367,燿華,電子零組件,,False,,燿華,name_with_context,,,383,276,0,107
2373,震旦行,其他電子,,False,,震旦行,name,,,46,27,19,0
2374,佳能,光電,,False,,佳能,name_with_context,,,117,90,0,27
2390,云辰,其他電子,,True,云辰,云辰,name_with_context,,,33,33,0,0
2393,億光,光電,,False,,億光,name_with_context,,,130,62,0,68
2404,漢唐,其他電子,,False,,漢唐,name_with_context,,,293,220,0,73
2406,國碩,光電,,False,,國碩,name_with_context,,,197,146,0,51
2409,友達,光電,,False,,友達,name_with_context,,,3231,1595,0,1636
2414,精技,電子通路,,False,,精技,name_with_context,,,39,17,0,22
2423,固緯,其他電子,,True,固緯,固緯,name_with_context,,,10,10,0,0
2426,鼎元,光電,,False,,鼎元,name_with_context,,,65,38,0,27
2429,銘旺科,光電,,False,,銘旺科,name,,,26,18,8,0
2430,燦坤,電子通路,,True,燦坤,燦坤,name_with_context,,,42,42,0,0
2433,互盛電,其他電子,,False,,互盛電,name,,,16,9,7,0
2438,翔耀,光電,,False,,翔耀,name_with_context,,,39,27,0,12
2453,凌群,資訊服務,,False,,凌群,name_with_context,,,63,49,0,14
2466,冠西電,光電,,False,,冠西電,name,,,20,10,10,0
2468,華經,資訊服務,,True,華經,華經,name_with_context,,,18,18,0,0
2471,資通,資訊服務,,True,資通,資通,name_with_context,,,25,25,0,0
2480,敦陽科,資訊服務,,False,,敦陽科,name,,,96,58,38,0
2601,益航,航運,,False,,益航,name_with_context,,,104,66,0,38
2605,新興,航運,,False,,新興,name_with_context,市場;國家;經濟體;產業;債;電商;科技;應用;經濟,-;－,512,141,0,371
2606,裕民,航運,,False,,裕民,name_with_context,,,539,354,0,185
2607,榮運,航運,,False,,榮運,name_with_context,,,155,75,0,80
2608,嘉里大榮,航運,,False,,嘉里大榮,name,,,103,63,40,0
2609,陽明,航運,,False,,陽明;陽明海運,name_with_context,,,5436,1982,0,3454
2610,華航,航運,,False,,華航,name_with_context,,,2138,1148,0,990
2611,志信,航運,,False,,志信,name_with_context,,,90,59,0,31
2616,山隆,油電燃氣,,False,,山隆,name_with_context,,,86,56,0,30
2701,萬企,觀光餐旅,,False,,萬企,name_with_context,,,13,4,0,9
2702,華園,觀光餐旅,,False,,華園,name_with_context,,,45,25,0,20
2704,國賓,觀光餐旅,,True,國賓,國賓,name_with_context,,,35,35,0,0
2705,六福,觀光餐旅,,True,六福,六福,name_with_context,,,55,55,0,0
2706,第一店,觀光餐旅,,True,第一店,第一店,name,,,28,28,0,0
2707,晶華,觀光餐旅,,True,晶華,晶華,name_with_context,,,106,106,0,0
2712,遠雄來,觀光餐旅,,False,,遠雄來,name,,,19,9,10,0
2722,夏都,觀光餐旅,,False,,夏都,name_with_context,,,47,24,0,23
2723,美食-KY,觀光餐旅,,True,美食-KY,美食;美食-KY,name_with_context,,,105,105,0,0
2727,王品,觀光餐旅,,True,王品,王品,name_with_context,,,152,152,0,0
2762,世界健身-KY,運動休閒,,True,世界健身-KY,世界健身;世界健身-KY,name,,,14,14,0,0
2801,彰銀,金融,,False,,彰銀,name_with_context,,,579,278,0,301
2812,台中銀,金融,,False,,台中銀,name,,,552,184,368,0
2816,旺旺保,金融,,False,,旺旺保,name,,,37,23,14,0
2820,華票,金融,,False,,華票,name_with_context,,,192,81,0,111
2832,台產,金融,,False,,台產,name_with_context,,,88,34,0,54
2834,臺企銀,金融,,False,,臺企銀,name,,,784,391,393,0
2836,高雄銀,金融,,False,,高雄銀,name,,,172,73,99,0
2838,聯邦銀,金融,,False,,聯邦銀,name,,,284,107,177,0
2845,遠東銀,金融,,True,遠東銀,遠東銀,name,,,150,150,0,0
2849,安泰銀,金融,,False,,安泰銀,name,,,130,39,91,0
2901,欣欣,貿易百貨,,False,,欣欣,name_with_context,,,87,5,0,82
2903,遠百,貿易百貨,,True,遠百,遠百,name_with_context,,,184,184,0,0
2906,高林,貿易百貨,,False,,高林,name_with_context,,,39,24,0,15
2908,特力,貿易百貨,,True,特力,特力,name_with_context,,,30,30,0,0
2910,統領,貿易百貨,,True,統領,統領,name_with_context,,,8,8,0,0
2911,麗嬰房,貿易百貨,,True,麗嬰房,麗嬰房,name,,,25,25,0,0
2913,農林,貿易百貨,,True,農林,農林,name_with_context,,,42,42,0,0
2915,潤泰全,貿易百貨,,True,潤泰全,潤泰全,name,,,207,207,0,0
3010,華立,電子通路,,False,,華立,name_with_context,,,76,54,0,22
3028,增你強,電子通路,,False,,增你強,name,,,54,29,25,0
3029,零壹,資訊服務,,True,零壹,零壹,name_with_context,,,128,128,0,0
3033,威健,電子通路,,False,,威健,name_with_context,,,92,73,0,19
3036,文曄,電子通路,,False,,文曄,name_with_context,,,370,269,0,101
3048,益登,電子通路,,False,,益登,name_with_context,,,86,70,0,16
3054,立萬利,電子通路,,False,,立萬利,name,,,29,15,14,0
3055,蔚華科,電子通路,,False,,蔚華科,name,,,70,51,19,0
3130,一零四,數位雲端,,True,一零四,一零四,name,,,19,19,0,0
3557,嘉威,居家生活,,False,,嘉威,name_with_context,,,89,89,0,0
3708,上緯投控,綠能環保,,False,,上緯投控,name,,,195,129,66,0
4536,拓凱,運動休閒,,False,,拓凱,name_with_context,,,30,25,0,5
4994,傳奇,資訊服務,,True,傳奇,傳奇,name_with_context,,,40,40,0,0
5203,訊連,資訊服務,,False,,訊連,name_with_context,,,55,37,0,18
5292,華懋,綠能環保,,False,,華懋,name_with_context,,,6,6,0,0
5306,桂盟,運動休閒,,False,,桂盟,name_with_context,,,59,45,0,14
6112,邁達特,資訊服務,,False,,邁達特,name,,,75,50,25,0
6165,浪凡,數位雲端,,False,,浪凡,name_with_context,,,31,26,0,5
6183,關貿,資訊服務,,False,,關貿,name_with_context,,,19,16,0,3
6581,鋼聯,綠能環保,,False,,鋼聯,name_with_context,,,20,14,0,6
6614,資拓宏宇,數位雲端,,False,,資拓宏宇,name,,,6,0,6,0
6641,基士德-KY,綠能環保,,False,,基士德;基士德-KY,name,,,6,1,5,0
6670,復盛應用,運動休閒,,False,,復盛應用,name,,,51,35,16,0
6671,三能-KY,居家生活,,False,,三能;三能-KY,name_with_context,,,20,14,0,6
6689,伊雲谷,數位雲端,,False,,伊雲谷,name,,,26,11,15,0
6754,匯僑設計,居家生活,,False,,匯僑設計,name,,,9,7,2,0
6768,志強-KY,運動休閒,,False,,志強;志強-KY,name_with_context,,,47,17,0,30
6807,峰源-KY,居家生活,,False,,峰源;峰源-KY,name_with_context,,,12,7,0,5
6869,雲豹能源,綠能環保,,False,,雲豹能源,name,,,278,164,114,0
6873,泓德能源,綠能環保,,False,,泓德能源,name,,,55,32,23,0
6887,寶綠特-KY,綠能環保,,False,,寶綠特;寶綠特-KY,name,,,0,0,0,0
6890,來億-KY,運動休閒,,False,,來億;來億-KY,name_with_context,,,33,22,0,11
6902,GOGOLOOK,數位雲端,,True,GOGOLOOK,GOGOLOOK,name,,,19,19,0,0
6906,現觀科,數位雲端,,False,,現觀科,name,,,7,2,5,0
6923,中台,綠能環保,,True,中台,中台,name_with_context,,,5,5,0,0
6944,兆聯實業,綠能環保,,False,,兆聯實業,name,,,8,6,2,0
6965,中傑-KY,運動休閒,,False,,中傑;中傑-KY,name_with_context,,,3,1,0,2
7721,微程式,數位雲端,,False,,微程式,name,,,5,2,3,0
7722,LINEPAY,數位雲端,,True,LINEPAY,LINEPAY,name,,,22,22,0,0
7765,中華資安,數位雲端,,False,,中華資安,name,,,7,0,7,0
8454,富邦媒,數位雲端,,True,富邦媒,富邦媒,name,,,206,206,0,0
8464,億豐,居家生活,,False,,億豐,name_with_context,,,73,43,0,30
8482,商億-KY,居家生活,,False,,商億;商億-KY,name_with_context,,,6,2,0,4
8926,台汽電,油電燃氣,,False,,台汽電,name,,,151,76,75,0
9908,大台北,油電燃氣,,False,,大台北,name,,,162,17,145,0
9911,櫻花,居家生活,,True,櫻花,櫻花,name_with_context,,,49,49,0,0
9918,欣天然,油電燃氣,,False,,欣天然,name,,,19,10,9,0
9924,福興,居家生活,,False,,福興,name_with_context,,,83,70,0,13
9926,新海,油電燃氣,,False,,新海,name_with_context,,,18,11,0,7
9931,欣高,油電燃氣,,False,,欣高,name_with_context,,,10,7,0,3
9934,成霖,居家生活,,False,,成霖,name_with_context,,,43,33,0,10
9937,全國,油電燃氣,,True,全國,全國,name_with_context,,,10,10,0,0
