article_id,title,parsed_category,parsed_is_reply,independent_category,independent_is_reply,category_agree,reply_agree,both_agree,has_tag,in_whitelist
M.1699871383.A.F34,[情報] 9945 潤泰新 累計Q3 3.67,情報,False,情報,False,True,True,True,True,True
M.1616341952.A.4EB,[標的] [標的]2330台積電多單戶請跟我一起寫信,標的,False,標的,False,True,True,True,True,True
M.1463279392.A.8F9,[新聞] 驚！亞泥提列71億資產減損 已刪文,新聞,False,新聞,False,True,True,True,True,True
M.1728448122.A.635,[新聞] 日股Q4持續看俏 汽車.科技.零售業最看好,新聞,False,新聞,False,True,True,True,True,True
M.1563440926.A.621,[其他] 傑克戴成霖老師講座 已刪文,其他,False,其他,False,True,True,True,True,True
M.1597648519.A.776,[新聞] 豆府奪上半年餐飲獲利王 股價飆高,新聞,False,新聞,False,True,True,True,True,True
M.1733879531.A.BA9,[標的] 00955 多 已刪文,標的,False,標的,False,True,True,True,True,True
M.1584527855.A.5B9,Re: [其他] 存股族都不會不安嗎?,其他,True,其他,True,True,True,True,True,True
M.1633083670.A.39D,［創作］抬～抬唷 （台語） 已刪文,未分類,False,未分類,False,True,True,True,False,False
M.1514289035.A.7A0,[新聞] 《電腦設備》產線調整，倫飛昆山即起暫 停工 已刪文,新聞,False,新聞,False,True,True,True,True,True
M.1559044676.A.5AE,差一點畢業。當下快當沖 已刪文,未分類,False,未分類,False,True,True,True,False,False
M.1572351407.A.6F9,[標的] 原相3227,標的,False,標的,False,True,True,True,True,True
M.1474514721.A.E2A,[新聞] 市場看微星，千億年營收 百元身價 已刪文,新聞,False,新聞,False,True,True,True,True,True
M.1446091809.A.990,[新聞] Acer 首款電動車竟然是輛沙灘車 已刪文,新聞,False,新聞,False,True,True,True,True,True
M.1579857810.A.946,[新聞] 觀光局：全國旅行社即起暫停出團大陸,新聞,False,新聞,False,True,True,True,True,True
M.1606793866.A.8B8,[標的] 每到年線必拉回強空hTC（強空）,標的,False,標的,False,True,True,True,True,True
M.1498247269.A.F0E,Re: [新聞] 台灣「低物價」妨礙薪資上漲？　彭淮南駁 斥 已刪文,新聞,True,新聞,True,True,True,True,True,True
M.1597235629.A.713,[新聞] 和碩、鎧勝停牌與立訊無關 傳將進行內部.,新聞,False,新聞,False,True,True,True,True,True
M.1725870875.A.8C1,[新聞] 高於預期！8月出口436.4億美元 創單月新高,新聞,False,新聞,False,True,True,True,True,True
M.1608350155.A.1DE,[新聞] 哈佛學者呼籲禁止特斯拉用車主實驗自駕車,新聞,False,新聞,False,True,True,True,True,True
M.1597312109.A.F3C,Re: [新聞] 鎧勝-KY 重訊13日停牌,新聞,True,新聞,True,True,True,True,True,True
M.1468875734.A.D7C,[請益] 請教eps預估 已刪文,請益,False,請益,False,True,True,True,True,True
M.1627864781.A.5F6,[標的] 明安（奧運高爾夫慶祝行情）,標的,False,標的,False,True,True,True,True,True
M.1439972571.A.7E8,[其他] 期貨新開 已刪文,其他,False,其他,False,True,True,True,True,True
M.1646533526.A.1A9,Re: [標的] 大盤 四大皆空 追名空 艙緊空,標的,True,標的,True,True,True,True,True,True
M.1639623426.A.C0C,[新聞] 海運轉空運 中菲行、捷迅、台驊沾光,新聞,False,新聞,False,True,True,True,True,True
M.1535794619.A.998,Re: [新聞] 川普點名Google、揚言制裁，因為搜尋結果 已刪文,新聞,True,新聞,True,True,True,True,True,True
M.1737248286.A.2C2,Re: [請益] 怎麼想都覺得買債券eft不通？,請益,True,請益,True,True,True,True,True,True
M.1568767657.A.515,Re: [新聞] 從納智捷轉型看國產車困境,新聞,True,新聞,True,True,True,True,True,True
M.1487640027.A.DAB,[新聞] 環署：台塑應回應環評 別搞出走 已刪文,新聞,False,新聞,False,True,True,True,True,True
M.1726409328.A.8BC,Re: [新聞] 中國實現國產DUV曝光機 可生產8奈米及以 下晶片,新聞,True,新聞,True,True,True,True,True,True
M.1585232940.A.B4B,Re: [請益] 美股狂飆是真的已反應？ 已刪文,請益,True,請益,True,True,True,True,True,True
M.1500828166.A.C6A,Re: [新聞] 南科備地 向台積3奈米招手 已刪文,新聞,True,新聞,True,True,True,True,True,True
M.1486208241.A.B27,[新聞] 郭董+戴桑 3帖特效藥翻轉夏普 已刪文,新聞,False,新聞,False,True,True,True,True,True
M.1720923878.A.614,Re: [請益] 川普遭槍擊對股市有什麼實質影響？,請益,True,請益,True,True,True,True,True,True
M.1709822111.A.FC2,[新聞] 新光人壽營運疲弱 金控、人壽與銀行評等 遭調降,新聞,False,新聞,False,True,True,True,True,True
M.1557137942.A.226,[其他] 今天大崩是分析師的救贖日？ 已刪文,其他,False,其他,False,True,True,True,True,True
M.1696425278.A.107,[新聞] 辨別ETF真假高股息 永豐投信提供撇步,新聞,False,新聞,False,True,True,True,True,True
M.1629900261.A.F96,[情報] 0825 上市櫃外資投信同買排行,情報,False,情報,False,True,True,True,True,True
M.1724847801.A.088,[新聞] 美鬆綁大麻管制修法有變數 大麻股集體慘 跌,新聞,False,新聞,False,True,True,True,True,True
M.1650273767.A.05E,[心得] 盤後快速篩出股票方法,心得,False,心得,False,True,True,True,True,True
M.1717935504.A.7D8,[情報] 3105 穩懋 5月營收,情報,False,情報,False,True,True,True,True,True
M.1714031886.A.295,Re: [情報] 台股史上前十大漲點紀錄(史上第七),情報,True,情報,True,True,True,True,True,True
M.1585295969.A.A66,[新聞] 買錯了？SEC暫停Zoom Technologies交易,新聞,False,新聞,False,True,True,True,True,True
M.1677165007.A.376,[新聞] 南亞科去年每股配息2.13元 DRAM景氣下半 年回穩,新聞,False,新聞,False,True,True,True,True,True
M.1727795622.A.7FB,[新聞] 怕機器人搶走飯碗 東岸碼頭工人罷工導火 線,新聞,False,新聞,False,True,True,True,True,True
M.1492576645.A.069,[新聞] 英擬提前大選國際股全倒 大盤難逃摜破季線 已刪文,新聞,False,新聞,False,True,True,True,True,True
M.1524031636.A.342,[新聞] 2018年第一季美國AI新創公司融資創下新 紀錄 已刪文,新聞,False,新聞,False,True,True,True,True,True
M.1594149464.A.515,[新聞] 快訊／美國正式退出世界衛生組織,新聞,False,新聞,False,True,True,True,True,True
M.1697436443.A.779,[新聞] 元大復華高息ETF 搶手,新聞,False,新聞,False,True,True,True,True,True
M.1563195065.A.817,[其他] 7/15 台灣店頭市場三大法人買賣超前20名,其他,False,其他,False,True,True,True,True,True
M.1627355969.A.1AA,[請益] 板上還有水手嗎？ 已刪文,請益,False,請益,False,True,True,True,True,True
M.1445919467.A.23D,Re: [新聞] 《科技》Q4全球NB出貨量恐年減17.5%，歷 已刪文,新聞,True,新聞,True,True,True,True,True,True
M.1693002728.A.5BB,Re: [心得] 切身之痛 不要借錢投資,心得,True,心得,True,True,True,True,True,True
M.1616739376.A.3BB,[新聞] 英特爾放話添不確定 台積電 外資二年來 首降目標價,新聞,False,新聞,False,True,True,True,True,True
M.1580358509.A.F50,[心得] 別人恐懼我貪婪？翻身靠這波～ 已刪文,心得,False,心得,False,True,True,True,True,True
M.1675252512.A.E05,[新聞] 台積電僅排第4！兩表掌握上市公司誰領最,新聞,False,新聞,False,True,True,True,True,True
M.1599459891.A.AB4,"[心得] 有錢人存股,沒錢的人存什麼?",心得,False,心得,False,True,True,True,True,True
M.1632863316.A.F9F,Re: [標的] 3008 大立光,標的,True,標的,True,True,True,True,True,True
M.1658208528.A.3DB,Re: [新聞] 普亭出狠招！外國買家不以盧布買天 已刪文,新聞,True,新聞,True,True,True,True,True,True
M.1677469755.A.210,[新聞] 央行示警全球經濟4風險 通膨仍有升溫可能,新聞,False,新聞,False,True,True,True,True,True
M.1584635607.A.358,Re: [請益]  00672L 油正二這樣算出老千嗎？,請益,True,請益,True,True,True,True,True,True
M.1636106558.A.C6A,Re: [心得] 生技失利心得分享 已刪文,心得,True,心得,True,True,True,True,True,True
M.1552401348.A.6C4,[其他] 3/12 台灣集中市場外資買賣超前30名,其他,False,其他,False,True,True,True,True,True
M.1713947232.A.F36,[標的] 9938 百和 傳產復甦多,標的,False,標的,False,True,True,True,True,True
M.1563614544.A.FB4,[新聞] 英國油輪遭伊朗扣押 川普放話：美英將合 作解決事端,新聞,False,新聞,False,True,True,True,True,True
M.1471208548.A.EF4,[新聞] 太陽能急凍 台廠大減產 已刪文,新聞,False,新聞,False,True,True,True,True,True
M.1533093507.A.9CE,Re: [請益] 美律空單處理方法 已刪文,請益,True,請益,True,True,True,True,True,True
M.1699862270.A.C0B,[新聞] 波音今年銷售慘輸空巴 習近平送暖 傳拜 習會宣布結凍737max交機,新聞,False,新聞,False,True,True,True,True,True
M.1719558968.A.634,[情報] 113/06/28 櫃買法人及個股買賣超,情報,False,情報,False,True,True,True,True,True
M.1632279042.A.659,Re: [請益] 要如何分辨現在的位置是不是阿呆谷,請益,True,請益,True,True,True,True,True,True
M.1528551532.A.F9C,[請益] 我要找一篇文章 已刪文,請益,False,請益,False,True,True,True,True,True
M.1522733199.A.D64,Re: [其他] 減資走鐘 財政部金管會3年無作為 已刪文,其他,True,其他,True,True,True,True,True,True
M.1443507366.A.5D1,[心得] 日經破底了... 已刪文,心得,False,心得,False,True,True,True,True,True
M.1616072003.A.49A,Re: [其他] 美國10年期公債殖利率突破1.7%,其他,True,其他,True,True,True,True,True,True
M.1731218460.A.2BA,Re: [請益] 黃金現貨準備大跌?,請益,True,請益,True,True,True,True,True,True
M.1440300504.A.76F,Re: [標的] 這些股該停損嗎？ 已刪文,標的,True,標的,True,True,True,True,True,True
M.1455683883.A.284,[請益] 請問是否有此功能自動跟單程式? 已刪文,請益,False,請益,False,True,True,True,True,True
M.1652282711.A.CDC,[新聞] 羅志祥由黑翻紅！小巨蛋萬張門票幾乎賣 光「心情很激動」 已刪文,新聞,False,新聞,False,True,True,True,True,True
M.1625384996.A.834,[新聞] 勞動基金5月賠191億 下半年要撥400億挺台 股 已刪文,新聞,False,新聞,False,True,True,True,True,True
M.1515213875.A.D55,[公告] N5D6M6C 違反板規8 水桶10年,公告,False,公告,False,True,True,True,True,True
M.1567386766.A.DE0,Re: [標的] 好樂迪9943,標的,True,標的,True,True,True,True,True,True
M.1724668483.A.818,[新聞] 中信金搶親新光金送件了！　總價「1314億 元」金管會已收到,新聞,False,新聞,False,True,True,True,True,True
M.1627229514.A.530,Re: [新聞] 連續3年獲利破百億 徐旭東：想不出你為何 不投資亞泥？,新聞,True,新聞,True,True,True,True,True,True
M.1501833851.A.926,[標的] 英業達 2356 空 (26.1-26.3) 已刪文,標的,False,標的,False,True,True,True,True,True
M.1486975838.A.0CD,[新聞] 陸智慧機邁向高階 外資喊買這兩檔 已刪文,新聞,False,新聞,False,True,True,True,True,True
M.1736654003.A.6A0,Re: [新聞] 財務改善報告出爐 台電：民生電價需適時反映成本,新聞,True,新聞,True,True,True,True,True,True
M.1441003898.A.849,[請益] 國安基金的進場 已刪文,請益,False,請益,False,True,True,True,True,True
M.1722237816.A.15B,[情報] 4764 雙鍵 龜山區火災事件說明,情報,False,情報,False,True,True,True,True,True
M.1733387498.A.AED,[情報] 3443 創意 113年11月營收,情報,False,情報,False,True,True,True,True,True
M.1720412428.A.F02,Re: [請益] 正二跟TQQQ的風險在哪？,請益,True,請益,True,True,True,True,True,True
M.1637512757.A.351,Re: [請益] 買0050，退休全換0056是最佳解嗎？,請益,True,請益,True,True,True,True,True,True
M.1679055438.A.FF9,[情報] 0317 上市櫃外資投信同買排行,情報,False,情報,False,True,True,True,True,True
M.1496496882.A.5C4,[其他] 6/3 台灣集中市場自營商買賣超前30名 已刪文,其他,False,其他,False,True,True,True,True,True
M.1591965423.A.984,Re: [心得] 美股有史以來暴跌之後必定大漲,心得,True,心得,True,True,True,True,True,True
M.1624613157.A.BAB,[請益] 花旗消金有哪幾家可能得手？,請益,False,請益,False,True,True,True,True,True
M.1588921022.A.33F,[新聞] 全球2020年第一季智慧型手機出貨量衰退11 %，印度與5G逆勢成長,新聞,False,新聞,False,True,True,True,True,True
M.1667368836.A.5E6,[閒聊] 2022/11/02 盤後閒聊,閒聊,False,閒聊,False,True,True,True,True,True
M.1554430751.A.D16,"""30週線突破買進""是好方法否?",未分類,False,未分類,False,True,True,True,False,False
M.1657621135.A.71D,[情報] 富邦金除息日7/27,情報,False,情報,False,True,True,True,True,True
M.1729215455.A.200,[新聞] US probes TSMC over potential links to China’s Huawei- The Information,新聞,False,新聞,False,True,True,True,True,True
M.1482246952.A.4EB,[標的] 2887 台新金 彰銀經營權到底有無搞頭？ 已刪文,標的,False,標的,False,True,True,True,True,True
M.1485340073.A.B36,Re: [請益] 抄底王在版上標的大多股本都好小? 已刪文,請益,True,請益,True,True,True,True,True,True
M.1730565598.A.888,Re: [新聞] 全球最妖股！　單日飆漲6692635%,新聞,True,新聞,True,True,True,True,True,True
M.1730975844.A.3F1,[情報] 3558 神準 10月份營收,情報,False,情報,False,True,True,True,True,True
M.1565053185.A.06B,[新聞] 人民幣貶破七…台灣代工廠「鬆口氣」,新聞,False,新聞,False,True,True,True,True,True
M.1575529663.A.11E,[請益] 凌陽創新5236 已刪文,請益,False,請益,False,True,True,True,True,True
M.1644409350.A.4F6,[請益] 升息一碼 放款獲利如何試算？,請益,False,請益,False,True,True,True,True,True
M.1612367113.A.B05,"[請益] 退出CEO,改當太上皇,這麼做的用意和好處? 已刪文",請益,False,請益,False,True,True,True,True,True
M.1652509408.A.1A9,[新聞] 520是call訊嗎3／存股達人陳重銘：淡季 先播種,新聞,False,新聞,False,True,True,True,True,True
M.1560313938.A.288,[新聞]全家打敗小七 台鐵據點大洗牌,新聞,False,新聞,False,True,True,True,True,True
M.1625489175.A.640,[標的] 2603 長榮 安心多,標的,False,標的,False,True,True,True,True,True
M.1514540357.A.A2A,[標的] 理財新手一年心得 已刪文,標的,False,標的,False,True,True,True,True,True
M.1549108402.A.B0B,[新聞] 輸人不輸陣？ 俄國跟進美國宣布退出中程 已刪文,新聞,False,新聞,False,True,True,True,True,True
M.1521608677.A.5B0,[請益] 矽晶圓股為何每天開高殺低???? 已刪文,請益,False,請益,False,True,True,True,True,True
M.1592528356.A.23C,[新聞] 〈央行理監事會〉談房價議題 楊金龍：房 地產若泡沫化恐損及銀行業,新聞,False,新聞,False,True,True,True,True,True
M.1508334550.A.0BD,Re: [請益] 股市崩盤時  哪種類股是防禦股 已刪文,請益,True,請益,True,True,True,True,True,True
M.1641269309.A.85E,Re: [請益] 所以台積電的利多是什麼??,請益,True,請益,True,True,True,True,True,True
M.1726911403.A.567,Re: [新聞] 央行「打炒房」衝擊換屋族？政院:密,新聞,True,新聞,True,True,True,True,True,True
M.1620869309.A.668,[標的] 4121 優盛 多,標的,False,標的,False,True,True,True,True,True
M.1446995005.A.635,[心得] 張忠謀出現在新聞，台股有80%機率大漲 已刪文,心得,False,心得,False,True,True,True,True,True
M.1645841533.A.E2A,[標的] Coin.US 永動機多,標的,False,標的,False,True,True,True,True,True
M.1586437325.A.99C,[新聞] 步瑞幸咖啡後塵 2隻中概股涉財務造假醜聞,新聞,False,新聞,False,True,True,True,True,True
M.1732183227.A.C14,[情報] 3625 西勝 股價波動異常 10月自結 -0.14,情報,False,情報,False,True,True,True,True,True
M.1690815308.A.C76,Re: [請益] 美債應該購買直債還是債券ETF就好?,請益,True,請益,True,True,True,True,True,True
M.1607589422.A.9BE,[其他] 玉山銀行股票交割備註,其他,False,其他,False,True,True,True,True,True
M.1724134540.A.148,[標的] 台指期 多單 26口 大台,標的,False,標的,False,True,True,True,True,True
M.1435717260.A.F23,[新聞] 希臘確定倒債 七張圖看希臘危機的脈絡 已刪文,新聞,False,新聞,False,True,True,True,True,True
M.1441013226.A.263,[請益] 為什麼台灣企業併購風氣不如國外盛行？ 已刪文,請益,False,請益,False,True,True,True,True,True
M.1686558693.A.962,[情報] 2883 開發金 5月自結 0.05 累計 0.30,情報,False,情報,False,True,True,True,True,True
M.1575768878.A.27D,[請益] 油價下週走勢？ 已刪文,請益,False,請益,False,True,True,True,True,True
M.1433865335.A.D0A,[心得] MSCI一句話，台股歡樂陸股崩 已刪文,心得,False,心得,False,True,True,True,True,True
M.1443601014.A.FE3,[新聞] 景氣憂鬱 8月燈號續呈藍燈 已刪文,新聞,False,新聞,False,True,True,True,True,True
M.1588237482.A.546,[其他] Tesla Q1 2020財報及電話會議實錄,其他,False,其他,False,True,True,True,True,True
M.1626160644.A.DB3,[請益] 可以向證交所這種處置規定要國賠嗎 已刪文,請益,False,請益,False,True,True,True,True,True
M.1690034330.A.181,Re: [請益] 重壓的勇氣？,請益,True,請益,True,True,True,True,True,True
M.1635768846.A.2A0,[標的] 3265 台星科 中長多,標的,False,標的,False,True,True,True,True,True
M.1490619880.A.A31,Re: [標的] 3299 帛漢 已刪文,標的,True,標的,True,True,True,True,True,True
M.1643449284.A.DEB,Re: [新聞] 台積擴廠 磁吸效應太強 引發缺工,新聞,True,新聞,True,True,True,True,True,True
M.1615820981.A.80B,[標的] 6176 瑞儀,標的,False,標的,False,True,True,True,True,True
M.1644399600.A.051,Re: [請益] 大家都如何選股？技術分析派請進,請益,True,請益,True,True,True,True,True,True
M.1441500707.A.DBA,Re: [新聞] 張忠謀：台灣氛圍「喜歡就民主，不喜歡就民粹」 已刪文,新聞,True,新聞,True,True,True,True,True,True
M.1715849945.A.73F,[新聞] 蘋果iOS 17.5爆隱私危機！iPhone多年前刪 掉的色色私密照又出現了,新聞,False,新聞,False,True,True,True,True,True
M.1642292294.A.3C0,[新聞] 韓證券市場2021年外資凈流入387.1億美元,新聞,False,新聞,False,True,True,True,True,True
M.1608175907.A.62F,[新聞] 謝金河分析大立光崩跌33% 已刪文,新聞,False,新聞,False,True,True,True,True,True
M.1610346992.A.CB8,Re: [標的] 台積電 多 已刪文,標的,True,標的,True,True,True,True,True,True
M.1702207031.A.BBE,Re: [請益] 台灣受雇中位數 大輸美日韓星,請益,True,請益,True,True,True,True,True,True
M.1732678842.A.C0E,Re: [請益] 清流君和周教授不會精神錯亂嗎？,請益,True,請益,True,True,True,True,True,True
M.1496455703.A.E5B,[標的] 欣興 3037百家爭鳴 已刪文,標的,False,標的,False,True,True,True,True,True
M.1435916910.A.8FF,Re: [標的] 中國ETF 006** 等 已刪文,標的,True,標的,True,True,True,True,True,True
M.1658992184.A.DCB,[情報] 111年07月28日 三大法人買賣金額統計表,情報,False,情報,False,True,True,True,True,True
M.1710612733.A.B85,[請益] 為什麼ETF看到的幾乎都私人金控發行的?,請益,False,請益,False,True,True,True,True,True
M.1603813975.A.C2B,[公告] 被水桶之後請勿嘗試賄賂板主 很難看,公告,False,公告,False,True,True,True,True,True
M.1533821692.A.A01,[請益] 請益有調整成本功能的券商 已刪文,請益,False,請益,False,True,True,True,True,True
M.1584367205.A.41E,[請益] 趨勢明顯為何仍不願作空 已刪文,請益,False,請益,False,True,True,True,True,True
M.1651648289.A.79F,[新聞] 巴菲特「猴子比理財顧問好！」 怒華爾街把股市變賭場,新聞,False,新聞,False,True,True,True,True,True
M.1715819336.A.318,[新聞]《光電股》錸寶獲雲豹14億儲能櫃合約 推動 子公司來穎上市櫃,新聞,False,新聞,False,True,True,True,True,True
M.1530853631.A.3A0,[新聞] 美媒曝川普為2020年競選做準備 旗幟在大 陸生產 已刪文,新聞,False,新聞,False,True,True,True,True,True
M.1598242524.A.DEA,[新聞] 神基2大產品帶動成長，亞系外資評買進,新聞,False,新聞,False,True,True,True,True,True
M.1457937810.A.3A5,[請益] 關於委託下單重複但戶頭只夠扣一筆的問題 已刪文,請益,False,請益,False,True,True,True,True,True
M.1543582174.A.086,[新聞] 美國原油與天然氣蘊藏量創史上新高 已刪文,新聞,False,新聞,False,True,True,True,True,True
M.1522677395.A.A82,[請益] 借券餘額和借券賣出餘額 已刪文,請益,False,請益,False,True,True,True,True,True
M.1705559665.A.776,[標的] 6462 神盾-復仇者聯盟多,標的,False,標的,False,True,True,True,True,True
M.1690977458.A.F9A,[情報] 0802 上市櫃外資投信買超金額排行,情報,False,情報,False,True,True,True,True,True
M.1714955402.A.FB0,[閒聊] 2024/05/06 盤中閒聊,閒聊,False,閒聊,False,True,True,True,True,True
M.1658655180.A.4FF,Re: [請益] 日本崩盤真的能導致亞洲金融海嘯？,請益,True,請益,True,True,True,True,True,True
M.1602127446.A.4F5,[新聞] 中環取得大立光普通股股票之公告,新聞,False,新聞,False,True,True,True,True,True
M.1543927105.A.26F,[新聞] 企業永續模範生 亞泥奪TCSA六大獎 已刪文,新聞,False,新聞,False,True,True,True,True,True
M.1590825304.A.E9D,Re: [請益] 當沖一個月賺五萬適合專職嗎 已刪文,請益,True,請益,True,True,True,True,True,True
M.1526993165.A.59B,[其他] 107年05月22日信用交易統計 已刪文,其他,False,其他,False,True,True,True,True,True
M.1624622164.A.64C,[情報] 皇翔公告處分有價證券,情報,False,情報,False,True,True,True,True,True
M.1558669259.A.B7C,[新聞] 能源盤後—WTI觸發止損點 原油跌至2個月,新聞,False,新聞,False,True,True,True,True,True
M.1512050563.A.714,Re: [新聞] 提早退休的關鍵在於「被動收入」 已刪文,新聞,True,新聞,True,True,True,True,True,True
M.1624793961.A.F16,[新聞] 野村證券預警台灣等六國有金融危機 央行 駁斥,新聞,False,新聞,False,True,True,True,True,True
M.1584954340.A.7AD,[新聞] 新/大當機!電腦手機皆掛 Line:「都是中華,新聞,False,新聞,False,True,True,True,True,True
M.1711910114.A.5BE,Re: [請益] 一次買vs分批買vs等股災才買,請益,True,請益,True,True,True,True,True,True
M.1540912132.A.5E5,[新聞] 川普：談不攏將對2670億美元中國商品徵稅 已刪文,新聞,False,新聞,False,True,True,True,True,True
M.1544076003.A.7DB,[閒聊] 2018/12/06 盤後閒聊,閒聊,False,閒聊,False,True,True,True,True,True
M.1615375159.A.0F6,[新聞] 海運費用飆漲 貨櫃短缺 亞洲各國出招干預,新聞,False,新聞,False,True,True,True,True,True
M.1607905865.A.743,[閒聊] 2020/12/14 盤中閒聊,閒聊,False,閒聊,False,True,True,True,True,True
M.1470154191.A.F1F,[新聞] 50年來沒見過！企業獲利崩成這樣 美股還 續漲？ 已刪文,新聞,False,新聞,False,True,True,True,True,True
M.1728032370.A.44F,Re: [標的] 2609 陽明 繼續大獲全勝送錢多,標的,True,標的,True,True,True,True,True,True
M.1546521950.A.5C6,[請益] 請問今天usd/jpy最低點是多少? 已刪文,請益,False,請益,False,True,True,True,True,True
M.1625538743.A.384,[標的] 5299.TW 杰力 短多多,標的,False,標的,False,True,True,True,True,True
M.1615333556.A.E86,[新聞] 台積電ADR隨費半反彈2.2% 費半創11個月 最大漲幅,新聞,False,新聞,False,True,True,True,True,True
M.1574241874.A.FAC,Re: [新聞] 官員澄清台商回流資金0元 曾銘宗吼「敢講 試試看」影片曝光,新聞,True,新聞,True,True,True,True,True,True
M.1709542600.A.085,[新聞] 盼春燕一直飛來 群創三大動能添火,新聞,False,新聞,False,True,True,True,True,True
M.1617886414.A.938,[標的] 吉茂 水箱炸裂多,標的,False,標的,False,True,True,True,True,True
M.1580366547.A.165,[其他] 今天有抄底的或加碼的進來喊聲 已刪文,其他,False,其他,False,True,True,True,True,True
M.1704075405.A.1CD,Re: [請益] 高股息ETF 變飆股會是常態嗎,請益,True,請益,True,True,True,True,True,True
M.1689682846.A.C99,[請益] 請問證券戶留印鑑有什麼用？,請益,False,請益,False,True,True,True,True,True
M.1652084566.A.DE1,[情報] 0509 上市外資買賣超排行 已刪文,情報,False,情報,False,True,True,True,True,True
M.1498196985.A.F67,[請益] 券商提供的集保e存摺不能用 已刪文,請益,False,請益,False,True,True,True,True,True
M.1583560287.A.ABF,Re: [心得] 逐筆交易-所有人都將受害,心得,True,心得,True,True,True,True,True,True
M.1586437130.A.035,Re: [請益] 如果爆發社區感染是否台股會暴跌？,請益,True,請益,True,True,True,True,True,True
M.1727703030.A.E2D,Re: [請益] 最容易 買槓桿ETF 反向ETF 的方法？,請益,True,請益,True,True,True,True,True,True
M.1620885235.A.146,[標的] 大盤 多 技術反轉 已刪文,標的,False,標的,False,True,True,True,True,True
M.1670390248.A.FBB,Re: [新聞] 拜登親迎台積電！張忠謀：赴美曾是惡夢，但這次不一樣,新聞,True,新聞,True,True,True,True,True,True
M.1699253512.A.F6E,[情報] 1106 上市投信買賣超排行,情報,False,情報,False,True,True,True,True,True
M.1713941499.A.569,[情報] 0424 上市投信買賣超排行,情報,False,情報,False,True,True,True,True,True
M.1512981823.A.CD3,Re: [標的] 喊6180橘子多的是真心還是反串的？ 已刪文,標的,True,標的,True,True,True,True,True,True
M.1710052149.A.56D,[創作]喇舌,創作,False,創作,False,True,True,True,True,True
M.1547950898.A.1C3,[新聞] 川普：與金正恩下次峰會地點已選定 已刪文,新聞,False,新聞,False,True,True,True,True,True
M.1657275328.A.DAA,[新聞] 歐元兌美元 跌至2002年12月以來新低,新聞,False,新聞,False,True,True,True,True,True
M.1622008803.A.608,[閒聊] 2021/05/26 盤後閒聊,閒聊,False,閒聊,False,True,True,True,True,True
M.1441544093.A.6EC,Re: [請益] 所得稅高者  應該棄權息才划算  對嗎? 已刪文,請益,True,請益,True,True,True,True,True,True
M.1563200474.A.85F,[新聞] 台積電撿到槍！日韓幹架 三星災難在後頭,新聞,False,新聞,False,True,True,True,True,True
M.1570683922.A.827,[請益] 為何不持有正2 已刪文,請益,False,請益,False,True,True,True,True,True
M.1658387840.A.E28,[情報] 6133 金橋 達注意標準而公布財報,情報,False,情報,False,True,True,True,True,True
M.1590545862.A.C38,[請益] 生技股人踩人會發生什麼事,請益,False,請益,False,True,True,True,True,True
M.1617064907.A.CB1,[新聞] 台船連年虧損 國發會：承擔國艦國造任務 不會倒閉,新聞,False,新聞,False,True,True,True,True,True
M.1547506741.A.A1E,[新聞] 看衰今年半導體需求，美系外資下修台積電 、聯電目標價 已刪文,新聞,False,新聞,False,True,True,True,True,True
M.1647858551.A.09C,[新聞] 驅動IC降價比預期更早!聯詠遭外資開槍 下 調目標價至420元 已刪文,新聞,False,新聞,False,True,True,True,True,True
M.1644401471.A.4D1,Re: [請益] 存股還是買第二間房抉擇？,請益,True,請益,True,True,True,True,True,True
M.1620737075.A.C71,[情報] 佳世達（2352）股利,情報,False,情報,False,True,True,True,True,True
M.1475705058.A.DD3,[新聞] 白皮書：日本全力打造「終身勞動」制 已刪文,新聞,False,新聞,False,True,True,True,True,True
M.1646357993.A.7D3,[標的] 2330.TW 台積電 哲哲多,標的,False,標的,False,True,True,True,True,True
M.1536519626.A.B3F,Re: [新聞] 0206期權受災戶抗議　硬闖期交所和員 已刪文,新聞,True,新聞,True,True,True,True,True,True
M.1516117916.A.B69,[新聞] 道德因素 長榮海運遭挪威主權基金摒除 已刪文,新聞,False,新聞,False,True,True,True,True,True
M.1686304006.A.B9B,[情報] 5425 台半 112年5月營收,情報,False,情報,False,True,True,True,True,True
M.1617804649.A.03D,Re: [公告] 板規討論-處分累進原則 <此篇公告開放回覆>,公告,True,公告,True,True,True,True,True,True
M.1595400391.A.D2B,[創作] 想自由,創作,False,創作,False,True,True,True,True,True
M.1617958422.A.5D4,[請益] 外資是不是改變了？,請益,False,請益,False,True,True,True,True,True
M.1731652923.A.723,[新聞] 新竹工業區大停電！竹北科技園區也波及 已刪文,新聞,False,新聞,False,True,True,True,True,True
M.1597145890.A.479,[新聞] 拍板！保德信人壽55億元嫁台新金控,新聞,False,新聞,False,True,True,True,True,True
M.1522827944.A.DAD,Re: [請益] 為什麼要停損呢?不解 已刪文,請益,True,請益,True,True,True,True,True,True
M.1488855660.A.993,[新聞] 蔡英文國艦國造政策再加碼　海軍將建直 升機航母 已刪文,新聞,False,新聞,False,True,True,True,True,True
M.1479346485.A.8A7,[其他] 興櫃有問題，全面無法下單 已刪文,其他,False,其他,False,True,True,True,True,True
M.1625864996.A.AE9,Re: [請益] 有人虧損賠到想過要自殺的嗎?怎麼走出呢?,請益,True,請益,True,True,True,True,True,True
M.1609832882.A.1B7,[新聞] 博達案葉素菲3年勞役期滿 預計10日出獄,新聞,False,新聞,False,True,True,True,True,True
M.1688173997.A.906,Re: [請益] 正二當沖交易稅沒減半？ 已刪文,請益,True,請益,True,True,True,True,True,True
M.1614241280.A.FEC,[新聞] 朋億擬配8元現金股利 殖利率5.61%,新聞,False,新聞,False,True,True,True,True,True
M.1532389669.A.BB7,[新聞] 外資砍殺穩懋 大和降評蘋概 已刪文,新聞,False,新聞,False,True,True,True,True,True
M.1703668582.A.101,[新聞] 全球第二大類比IC大廠ADI傳漲價 明年2月 起漲幅1-2成,新聞,False,新聞,False,True,True,True,True,True
M.1561789793.A.91C,[Live] 大阪G20峰會 川普舉行會後記者會,其他,False,Live,False,True,True,True,True,False
M.1611452571.A.ACD,[新聞] 台股衝萬6網友股票卻慘賠　網友建議全賣 改買台積電,新聞,False,新聞,False,True,True,True,True,True
M.1479370869.A.C60,Re: [新聞] 國泰金特別股 已刪文,新聞,True,新聞,True,True,True,True,True,True
M.1587484257.A.6E2,[心得] 四項指標，台股4/22看跌,心得,False,心得,False,True,True,True,True,True
M.1530145477.A.4BD,[新聞] 外資：台積電爆發力在明年 已刪文,新聞,False,新聞,False,True,True,True,True,True
M.1658732691.A.182,[新聞] 威盛 法人轉賣為買,新聞,False,新聞,False,True,True,True,True,True
M.1625883801.A.5AE,Re: [情報] 拜登葛格的行政命令,情報,True,情報,True,True,True,True,True,True
M.1622694437.A.7AF,[新聞] ock.yahoo.com/news_content/url/d/a/121126/3/3i2q4.html,新聞,False,新聞,False,True,True,True,True,True
M.1659572595.A.7FE,Re: [標的] 00900 溢價 +8.31% 何時修正? 已刪文,標的,True,標的,True,True,True,True,True,True
M.1691569855.A.15A,Re: [請益] 當沖漲1-2塊就賣是對的嗎？,請益,True,請益,True,True,True,True,True,True
M.1587279609.A.040,［標的］6510精測 大力空,未分類,False,未分類,False,True,True,True,False,False
M.1640668019.A.95E,[新聞] 從美乃滋到冷凍食品通通漲 美部分食品明 年猛漲20%,新聞,False,新聞,False,True,True,True,True,True
M.1678957134.A.C84,[情報] 4743 合一 公告本公司南州廠通過國產醫,情報,False,情報,False,True,True,True,True,True
M.1624937364.A.3F8,Re: [標的] 萬海 2615 無腦空,標的,True,標的,True,True,True,True,True,True
M.1680067394.A.F97,[新聞] 下半年否極泰來 連續藍燈為台股長線布局 良機,新聞,False,新聞,False,True,True,True,True,True
M.1721870380.A.0AA,[請益] AAA等級債券若連環違約對股市的影響?,請益,False,請益,False,True,True,True,True,True
M.1729237217.A.015,[請益] 買借死 VS 4%法則  到底哪個比較好？,請益,False,請益,False,True,True,True,True,True
M.1690212875.A.475,Re: [心得] 存股三年多 歷程分享,心得,True,心得,True,True,True,True,True,True
M.1649948347.A.C88,Re: [情報] 馬斯克提出現金收購推特,情報,True,情報,True,True,True,True,True,True
M.1535393990.A.488,[新聞] 力晶砸千億設廠 黃崇仁：台灣最有競爭力 已刪文,新聞,False,新聞,False,True,True,True,True,True
M.1636630682.A.9F1,[情報] 1111 上市櫃外資投信買超金額排行,情報,False,情報,False,True,True,True,True,True
M.1721429117.A.312,[新聞] 歐美不跟中國玩了！電動車派對喊卡、燃油,新聞,False,新聞,False,True,True,True,True,True
M.1618733495.A.1F1,[新聞] 40萬放7年變100萬！小資女無腦操作「挑這 1種股」：不用天天看盤,新聞,False,新聞,False,True,True,True,True,True
M.1622210542.A.FBD,[新聞] 新竹、寶山、竹東6/3起供五停二 半導體廠 ：不影響生產,新聞,False,新聞,False,True,True,True,True,True
M.1640830636.A.E9E,[新聞] 免等T+2！台股賣出當天可變現 最快明年4 月底上路,新聞,False,新聞,False,True,True,True,True,True
M.1560539715.A.6BA,Re: [新聞] 儲蓄保單不下架　富邦人壽要降宣告利率「 不排除降到1字頭」,新聞,True,新聞,True,True,True,True,True,True
M.1661336727.A.3EF,Re: [心得] 勞退保證收益與有限度自選,心得,True,心得,True,True,True,True,True,True
M.1447854323.A.692,[請益] 單一券商股票庫存量... 已刪文,請益,False,請益,False,True,True,True,True,True
M.1501246930.A.004,[請益] 限價單問題 已刪文,請益,False,請益,False,True,True,True,True,True
M.1543379826.A.D6C,Re: [標的] 萬點前 最後上車機會 G20後飛天!? 已刪文,標的,True,標的,True,True,True,True,True,True
M.1549245052.A.938,Re: [標的] CHL 多 已刪文,標的,True,標的,True,True,True,True,True,True
M.1521193613.A.EA3,Re: [標的] 8112至上（爽公告！推文有人發雞排！ 已刪文,標的,True,標的,True,True,True,True,True,True
M.1593489491.A.EE0,[其他] 已刪文,其他,False,其他,False,True,True,True,True,True
M.1598751555.A.155,[其他] 有關掛單問題 已刪文,其他,False,其他,False,True,True,True,True,True
M.1689818342.A.2AD,[請益] 權證是不是很黑....,請益,False,請益,False,True,True,True,True,True
M.1737353342.A.184,[創作] 可以不是你（華新版）,創作,False,創作,False,True,True,True,True,True
M.1496298799.A.7AF,[標的] 國產 2504 多 已刪文,標的,False,標的,False,True,True,True,True,True
M.1495076043.A.FD6,[新聞] 萬點之路 張錫：利多還沒發酵 已刪文,新聞,False,新聞,False,True,True,True,True,True
M.1502112456.A.45E,[新聞] 聯發科7月營收降至189億元 月減13% 8、9月可望回升 已刪文,新聞,False,新聞,False,True,True,True,True,True
M.1578378463.A.EEF,[請益] 年薪1.8M想來投資看看股票 已刪文,請益,False,請益,False,True,True,True,True,True
M.1528810021.A.C9F,[標的] 廣積8050  多 已刪文,標的,False,標的,False,True,True,True,True,True
M.1494907628.A.2F0,Re: [新聞] 金管會示警 年輕人不買股是重大危機 已刪文,新聞,True,新聞,True,True,True,True,True,True
M.1536590439.A.26C,[心得] 畢業文 已刪文,心得,False,心得,False,True,True,True,True,True
M.1493169245.A.2FC,[新聞] 台積年報藏玄機 張忠謀啟動交棒 已刪文,新聞,False,新聞,False,True,True,True,True,True
M.1459228333.A.2F2,[新聞] 投機客空單回補的差不多了？專家：原油 不再遭賣超 已刪文,新聞,False,新聞,False,True,True,True,True,True
M.1724123159.A.8F9,[請益] 證券商內控，超過額度不能買?,請益,False,請益,False,True,True,True,True,True
M.1595854999.A.EC4,[心得] 台積國，一邊一國~盤勢指導,心得,False,心得,False,True,True,True,True,True
M.1661529609.A.941,[創作] 堅持到底,創作,False,創作,False,True,True,True,True,True
M.1538885956.A.FA5,[新聞] 川普間諜論發酵／美媒：中祭密令 召回留 美高官子女 已刪文,新聞,False,新聞,False,True,True,True,True,True
M.1610367952.A.510,[標的] 3406 玉晶光 稱王多,標的,False,標的,False,True,True,True,True,True
M.1620103051.A.CE0,Re: [請益] 5/4面板的走勢會如何!?,請益,True,請益,True,True,True,True,True,True
M.1592221477.A.A64,[新聞] 擊退外商獲台電風場628億標案 富崴：取得 兆元商機門票,新聞,False,新聞,False,True,True,True,True,True
M.1638858009.A.C81,[創作] 錢輸光和豬腦袋,創作,False,創作,False,True,True,True,True,True
M.1687265340.A.1AE,[請益] 航運股 長榮(2603) 陽明(2609)參與除息,請益,False,請益,False,True,True,True,True,True
M.1732596839.A.808,Re: [新聞] 新聞] 對抗中國「歐洲希望」垮了! 「電 池冠軍」Northvolt破產 歐盟面臨重大打擊,新聞,True,新聞,True,True,True,True,True,True
M.1453097708.A.884,[新聞] 金融業憂心 服貿貨貿恐延宕 已刪文,新聞,False,新聞,False,True,True,True,True,True
M.1441498395.A.D56,[標的] 航空股該留嗎? 已刪文,標的,False,標的,False,True,True,True,True,True
M.1674302171.A.88D,Re: [情報] 0120 SCFI 1029.75 (-1.67),情報,True,情報,True,True,True,True,True,True
M.1551622643.A.81B,[標的] 3030德律 多,標的,False,標的,False,True,True,True,True,True
M.1703841161.A.727,[標的] 2023 股民平均值(略低)年報分享,標的,False,標的,False,True,True,True,True,True
M.1637555735.A.C0B,[新聞] 市場派狙擊公司4手法曝 金管會將這樣做,新聞,False,新聞,False,True,True,True,True,True
M.1729596505.A.16C,[請益] 微軟(MSFT.US)怎麼了? 已刪文,請益,False,請益,False,True,True,True,True,True
M.1654506249.A.005,[情報] 藥華藥(6446) 111年 5 月營收,情報,False,情報,False,True,True,True,True,True
M.1644926507.A.86A,"Re: [新聞] ""總是要談的"" 普丁已準備與烏克蘭進行談判",新聞,True,新聞,True,True,True,True,True,True
M.1532407716.A.C62,[新聞] 美系大客戶訂單轉淡法人估宏捷科Q3營收季 減10~20% 已刪文,新聞,False,新聞,False,True,True,True,True,True
M.1545491618.A.078,[其他] 107年12月22日信用交易統計 已刪文,其他,False,其他,False,True,True,True,True,True
M.1684336093.A.682,[新聞] 美債限談判 麥卡錫：本周末有望達協議 已刪文,新聞,False,新聞,False,True,True,True,True,True
M.1646280892.A.FE8,[請益] 勞退慘賠是不是buy the dip失敗案例 已刪文,請益,False,請益,False,True,True,True,True,True
M.1450254469.A.911,[新聞] 亞太未來都市排名 台北僅次新加坡東京 已刪文,新聞,False,新聞,False,True,True,True,True,True
M.1620142655.A.70C,[新聞] 美國財長葉倫表示可能提前升息,新聞,False,新聞,False,True,True,True,True,True
M.1564318702.A.235,Re: [請益] 被動收入24萬/年有人達到過嗎 已刪文,請益,True,請益,True,True,True,True,True,True
M.1534784317.A.889,Re: [新聞] NVIDIA第2季挖礦晶片銷售額遠遜預期、盤 後大跌5% 已刪文,新聞,True,新聞,True,True,True,True,True,True
M.1625127155.A.1D9,Re: [情報] 王文良:明天空航運股,情報,True,情報,True,True,True,True,True,True
M.1730167720.A.A8C,Re: [標的] 5603陸海吊車大王起飛多,標的,True,標的,True,True,True,True,True,True
M.1621421751.A.DB3,[情報] 0519 Top 100 券商最近一日買超500張以上,情報,False,情報,False,True,True,True,True,True
M.1648424661.A.899,Re: [請益] 台股來說穩定領6趴股利實務上是可行的嗎,請益,True,請益,True,True,True,True,True,True
M.1625711259.A.916,[心得] 1秒撮合和20分鐘撮合差別,心得,False,心得,False,True,True,True,True,True
M.1727067309.A.378,[情報] 3202 樺晟 目前基隆轉運站營運正常,情報,False,情報,False,True,True,True,True,True
M.1587006327.A.4EB,Re: [新聞] 合一結盟丹麥皮膚醫學大廠 授權異位性皮 膚炎新藥 已刪文,新聞,True,新聞,True,True,True,True,True,True
M.1632469851.A.B43,Re: [問題] 請問股票贈與問題,其他,True,問題,True,True,True,True,True,False
M.1458306517.A.384,[標的] 3596 智易 已刪文,標的,False,標的,False,True,True,True,True,True
M.1500294695.A.D5A,Re: [請益] 委託價格 成交均價 已刪文,請益,True,請益,True,True,True,True,True,True
M.1653458402.A.81E,[閒聊] 2022/05/25 盤後閒聊,閒聊,False,閒聊,False,True,True,True,True,True
M.1683819706.A.187,[心得] 美股個股空頭歷史資料整理網站,心得,False,心得,False,True,True,True,True,True
M.1665134945.A.53F,[情報] 5425台半 111年9月營收,情報,False,情報,False,True,True,True,True,True
M.1616566810.A.504,Re: [新聞] 民生限水 王美花：做最壞打算 已刪文,新聞,True,新聞,True,True,True,True,True,True
M.1575557976.A.F2A,[請益] 請問美股推薦用哪個海外券商？,請益,False,請益,False,True,True,True,True,True
M.1693578830.A.968,[新聞] 緯創AI伺服器Q3放量出貨，今年貢獻業績20,新聞,False,新聞,False,True,True,True,True,True
M.1521782639.A.6F9,[標的] 大盤(空) 已刪文,標的,False,標的,False,True,True,True,True,True
M.1719622590.A.7E2,[新聞] 蛋價慘跌　陳駿季發文國軍幫吃蛋,新聞,False,新聞,False,True,True,True,True,True
M.1581348473.A.450,[公告] memory168 semna a89182a89182 水桶,公告,False,公告,False,True,True,True,True,True
M.1734046304.A.115,[情報] 博通盤後漲15%,情報,False,情報,False,True,True,True,True,True
M.1487311075.A.AD2,[公告] smile831 遭板主砍文三篇 水桶一週,公告,False,公告,False,True,True,True,True,True
M.1476122340.A.B02,[新聞] 沙國：油價年底前升至每桶60美元不無可能 已刪文,新聞,False,新聞,False,True,True,True,True,True
M.1721404271.A.CCF,Re: [新聞] 「台灣偷走美國晶片生意」川普嗆這句！台 股1族群竟狂飆,新聞,True,新聞,True,True,True,True,True,True
M.1652173552.A.121,[情報] 6405悅城處分台積電普通股股票之公告,情報,False,情報,False,True,True,True,True,True
M.1644481127.A.FA4,[新聞] 亞泥礦場爭議獲政府背書露曙光　國泰看好 買進水泥股,新聞,False,新聞,False,True,True,True,True,True
M.1494842145.A.F89,[標的] 3646艾恩特(多) 已刪文,標的,False,標的,False,True,True,True,True,True
M.1723513075.A.36D,[請益] 00960盲猜成分股 已刪文,請益,False,請益,False,True,True,True,True,True
M.1725598066.A.0FF,[新聞] 三星、台積電將共同研發HBM4,新聞,False,新聞,False,True,True,True,True,True
M.1729745992.A.581,Re: [新聞] 遭日本SBI抨擊沒誠信　黃崇仁罕見親上火 線反擊喊「我們辦不到」,新聞,True,新聞,True,True,True,True,True,True
M.1502100359.A.A17,[新聞] 玉晶光106年7月營收5.79億、年減10.02% 已刪文,新聞,False,新聞,False,True,True,True,True,True
M.1625448858.A.B30,[情報] 委託人於開市及收市前有異常大量委託後撤,情報,False,情報,False,True,True,True,True,True
M.1722393396.A.02F,[標的] 5351 鈺創 當沖多 抽插多,標的,False,標的,False,True,True,True,True,True
M.1649123324.A.8DF,[請益] 這次連假 鬼故事算多還少 已刪文,請益,False,請益,False,True,True,True,True,True
M.1724833001.A.6BB,Re: [新聞] 3大金控搶親爆黑幕？他揭「金管會人事異 動」　有貓膩：太招搖了,新聞,True,新聞,True,True,True,True,True,True
M.1575803517.A.CAF,[請益] 半財富自由可以從事什麼輕鬆工作 已刪文,請益,False,請益,False,True,True,True,True,True
M.1611808611.A.637,[新聞] 騎虎難下！Discord封禁GameStop散戶討論 伺服器,新聞,False,新聞,False,True,True,True,True,True
M.1736238255.A.272,[新聞] 大直、新竹到三重損鄰案頻傳 土木技師曝 營建業一困境,新聞,False,新聞,False,True,True,True,True,True
M.1487565302.A.EBD,[新聞] 短線過熱、今年獲利恐下滑，美律150元站 不住 已刪文,新聞,False,新聞,False,True,True,True,True,True
M.1625327652.A.81F,[新聞] 墨西哥灣海底天然氣管道破裂 海面湧現沸 騰火眼[影],新聞,False,新聞,False,True,True,True,True,True
M.1506407554.A.8DE,[新聞] 台股大跌  顧立雄：基本面仍不錯 已刪文,新聞,False,新聞,False,True,True,True,True,True
M.1599757389.A.C88,[請益] 6414樺漢,請益,False,請益,False,True,True,True,True,True
M.1718943825.A.3EC,[新聞] 德韓共同目標 擺脫中國依賴,新聞,False,新聞,False,True,True,True,True,True
M.1539080754.A.E49,[請益] OTC上櫃為什麼比上市股票容易跌？ 已刪文,請益,False,請益,False,True,True,True,True,True
M.1623403545.A.3C4,Re: [心得] 110年【5月份金控股】EPS排名(全已公布),心得,True,心得,True,True,True,True,True,True
M.1565066507.A.AF6,Re: [新聞] 富邦VIX飆漲爆出62萬張大量 創紀錄,新聞,True,新聞,True,True,True,True,True,True
M.1704882642.A.B44,[情報] 8044網家 12月營收,情報,False,情報,False,True,True,True,True,True
M.1569990018.A.85B,Re: [請益] 看書看到很多矛盾處,請益,True,請益,True,True,True,True,True,True
M.1444055630.A.244,[其他] 10/5 台灣集中市場外資買賣超前30名 已刪文,其他,False,其他,False,True,True,True,True,True
M.1644396743.A.C67,[新聞] 傳統汽車大廠正積極投注固態電池技術,新聞,False,新聞,False,True,True,True,True,True
M.1658141892.A.CFA,[新聞] 鑽石生技25日登興櫃市場 本周四舉行掛牌 前法人說明會,新聞,False,新聞,False,True,True,True,True,True
M.1734359364.A.737,[新聞] 中鋼：鋼市有望蛇來運轉,新聞,False,新聞,False,True,True,True,True,True
M.1632401313.A.6BD,[標的] 1102.TW  亞泥籌碼面請益,標的,False,標的,False,True,True,True,True,True
M.1540855356.A.5EF,[新聞] 道瓊挫跌245點 美股震盪走低 已刪文,新聞,False,新聞,False,True,True,True,True,True
M.1640582400.A.195,[標的] 2369 菱生多,標的,False,標的,False,True,True,True,True,True
M.1528165346.A.FBB,[新聞] 自稱窮得只剩閒 扁聽草根聲：股市上萬點 又如何 已刪文,新聞,False,新聞,False,True,True,True,True,True
M.1586161968.A.780,Re: [新聞] 美股恐再跌4成！華爾街大佬：標普500最慘 跌至1500點,新聞,True,新聞,True,True,True,True,True,True
M.1588555558.A.295,[新聞] 酷碰券大改版 消費千元享500優惠,新聞,False,新聞,False,True,True,True,True,True
M.1510641415.A.82E,[新聞] 京東方合肥10.5代線將於今年12月提前投產 已刪文,新聞,False,新聞,False,True,True,True,True,True
M.1634184618.A.42A,[標的] 6547 高端多,標的,False,標的,False,True,True,True,True,True
M.1678607183.A.D0D,[新聞] SVB關閉投資人急領錢 她存款3億狂CALL銀 行：人生最糟的18個小時,新聞,False,新聞,False,True,True,True,True,True
M.1525493368.A.E63,[請益] 錸德獲japan disc 大單 已刪文,請益,False,請益,False,True,True,True,True,True
M.1726700872.A.07B,[新聞] HTC揭曉其新款一體式XR頭戴裝置VIVE Focu,新聞,False,新聞,False,True,True,True,True,True
M.1645711029.A.FAD,[情報] 1727 中華化 開獎 配息0.52,情報,False,情報,False,True,True,True,True,True
M.1640071586.A.9C0,[情報] 110年12月21日 櫃買法人買賣金額統計表,情報,False,情報,False,True,True,True,True,True
M.1568896387.A.763,[新聞] 華映轉單效應 彩晶：各面板廠都有受惠,新聞,False,新聞,False,True,True,True,True,True
M.1596585354.A.14B,Re: [標的] 黃金各種無腦多 已刪文,標的,True,標的,True,True,True,True,True,True
M.1585100110.A.9C9,Re: [請益] 大家真的是不怕元油正2下市？,請益,True,請益,True,True,True,True,True,True
M.1555495610.A.FFE,[標的] 鴻海 多到底,標的,False,標的,False,True,True,True,True,True
M.1559833674.A.5ED,Re: [標的] 想詢問金融股的漲跌該如何做功課？ 已刪文,標的,True,標的,True,True,True,True,True,True
M.1620787881.A.9BC,Re: [標的] 2108南帝 昇天多,標的,True,標的,True,True,True,True,True,True
M.1595909166.A.5BE,[新聞] 台灣自駕腳步突出　整廠輸出規模化可期,新聞,False,新聞,False,True,True,True,True,True
M.1431103798.A.279,Re: [投顧] 非凡炫哥講話旁邊的警語 已刪文,投顧,True,投顧,True,True,True,True,True,True
M.1610436778.A.28F,[新聞] 分析師：醫護人員感染對台股影響有限,新聞,False,新聞,False,True,True,True,True,True
M.1583142730.A.DBE,[請益] 人類是不是找到經濟萬靈丹了？,請益,False,請益,False,True,True,True,True,True
M.1646980035.A.6B5,[新聞] 危機入市首重1指標 謝金河再薦2檔IC設計 股,新聞,False,新聞,False,True,True,True,True,True
M.1714097984.A.32C,[新聞] 4月除息台股ETF 4檔填息,新聞,False,新聞,False,True,True,True,True,True
M.1632456189.A.BEB,[新聞] 軍公教調薪有望 蘇貞昌：政府帶動企業,新聞,False,新聞,False,True,True,True,True,True
M.1716731492.A.97D,Re: [心得] 信貸/質押長期投資分享 已刪文,心得,True,心得,True,True,True,True,True,True
M.1529569832.A.3BD,[新聞]台半、鼎翰目標價 里昂初評喊上110元、309 已刪文,新聞,False,新聞,False,True,True,True,True,True
M.1649225851.A.5B8,Re: [請益] 升息是不是不能無腦買大盤改買金融 已刪文,請益,True,請益,True,True,True,True,True,True
M.1510318177.A.EE7,[新聞] 冠德建設董座馬玉山　無預警宣布退休 已刪文,新聞,False,新聞,False,True,True,True,True,True
M.1585152161.A.64C,Re: [心得] 大盤看法 3/25 更新,心得,True,心得,True,True,True,True,True,True
M.1559919634.A.A4A,Re: [請益] 大家有經歷過2009金融海嘯嗎?? 已刪文,請益,True,請益,True,True,True,True,True,True
M.1601999221.A.67B,[新聞] 台股10月驚奇來囉！分析師：大盤上空無쀵 已刪文,新聞,False,新聞,False,True,True,True,True,True
M.1705054441.A.555,[情報] 2323 中環 處分長榮海運普通股,情報,False,情報,False,True,True,True,True,True
M.1465887144.A.138,[其他] 105年06月14日三大法人買賣金額統計表 已刪文,其他,False,其他,False,True,True,True,True,True
M.1718617841.A.934,[標的] 鴻海 郭董今天在想什麼？ 已刪文,標的,False,標的,False,True,True,True,True,True
M.1715404089.A.2AF,[請益] 為何不推出低股息ETF 已刪文,請益,False,請益,False,True,True,True,True,True
M.1733358309.A.540,[新聞] SRAM密度較高下 美科技網站：台積電N2遠 勝英特爾18A,新聞,False,新聞,False,True,True,True,True,True
M.1625654154.A.B0B,[新聞] 國巨、鴻海合資公司改名「國創半導體」 ，董座陳泰銘：成長翻倍很合理,新聞,False,新聞,False,True,True,True,True,True
M.1617807503.A.F4D,Re: [公告] 板規討論-處分累進原則 <此篇公告開放回覆>,公告,True,公告,True,True,True,True,True,True
M.1544787341.A.08B,[新聞] 高雄招商成果斐然，連續三年獲頒招商卓越 獎 已刪文,新聞,False,新聞,False,True,True,True,True,True
M.1645518506.A.45C,[情報] 0222上市外資買賣超排行,情報,False,情報,False,True,True,True,True,True
M.1708045944.A.32B,1432 大魯閣 1月營收 已刪文,未分類,False,未分類,False,True,True,True,False,False
M.1579237384.A.5A7,[新聞] 《金融股》延長併購中壽若受阻？開發金：,新聞,False,新聞,False,True,True,True,True,True
M.1645711907.A.307,[請益] 元大投資先生定期定額006208,請益,False,請益,False,True,True,True,True,True
M.1556251498.A.BC1,[請益] 現在學作空還來得及嗎？ 已刪文,請益,False,請益,False,True,True,True,True,True
M.1621549159.A.91B,Re: [標的] 大盤  跌深反彈  近日抄底多,標的,True,標的,True,True,True,True,True,True
M.1722618624.A.211,[請益] 哲哲沒人敢笑他了吧? 已刪文,請益,False,請益,False,True,True,True,True,True
M.1622008525.A.543,Re: [新聞]台驊：海運旺到明年 船公司獲利有望季季高,新聞,True,新聞,True,True,True,True,True,True
M.1550454565.A.CCF,Re: [標的] 2107 厚生 已刪文,標的,True,標的,True,True,True,True,True,True
M.1490834791.A.65D,[請益] 關於跟著法人撿肉吃 已刪文,請益,False,請益,False,True,True,True,True,True
M.1538543694.A.426,[標的] 永昕在漲什麼R 已刪文,標的,False,標的,False,True,True,True,True,True
M.1705466631.A.1D6,[新聞] 中捷事故仲裁出爐 興富發賠2.2億  盧秀燕 ：這筆錢已提存,新聞,False,新聞,False,True,True,True,True,True
M.1614838750.A.1B5,[新聞] 金銀銅齊揚 ETF跟賺,新聞,False,新聞,False,True,True,True,True,True
M.1552612958.A.CD5,[新聞] 歐盟對中國提出10項具體行動以保歐洲繁榮,新聞,False,新聞,False,True,True,True,True,True
M.1718376494.A.5EF,Re: [請益] 這兩天00940你賣掉了嗎？,請益,True,請益,True,True,True,True,True,True
M.1639035596.A.925,[新聞] 仁寶11月營收1232.91億元 為歷史次高,新聞,False,新聞,False,True,True,True,True,True
M.1591233732.A.1FE,[新聞] 亞馬遜逆勢加租12架飛機 趁市況低迷急擴 空運機隊,新聞,False,新聞,False,True,True,True,True,True
M.1442500058.A.45E,[新聞] 兩岸標準論壇 將簽車聯網合作備忘錄 已刪文,新聞,False,新聞,False,True,True,True,True,True
M.1633526411.A.56D,[創作] 融資斷頭（2021畢業之浪子回頭）,創作,False,創作,False,True,True,True,True,True
M.1670941723.A.4C5,[新聞] 自行車庫存史上最嚴重！巨大重挫市值蒸發 70億　最新聲明「這時候」庫存回歸正常,新聞,False,新聞,False,True,True,True,True,True
M.1434000801.A.FA7,[心得] 0611大盤過後:多頭套進來，空單洗一遍 已刪文,心得,False,心得,False,True,True,True,True,True
M.1656564436.A.D05,Re: [請益] 大盤 大跌 量縮 是什麼訊號?,請益,True,請益,True,True,True,True,True,True
M.1435378229.A.BA9,Re: [請益] 從10萬滾到100萬很難嗎? 已刪文,請益,True,請益,True,True,True,True,True,True
M.1500294206.A.DEC,[標的] 3090 日電貿 已刪文,標的,False,標的,False,True,True,True,True,True
M.1635968431.A.1EA,[請益] 美股接下來還有什麼利空嗎,請益,False,請益,False,True,True,True,True,True
M.1720926402.A.A33,Re: [請益] 川普遭槍擊對股市有什麼實質影響？,請益,True,請益,True,True,True,True,True,True
M.1613473283.A.9A8,Re: [心得] 近五年美股輸給台股台灣人才開始瘋美股？,心得,True,心得,True,True,True,True,True,True
M.1577885512.A.895,[標的] 台指 多,標的,False,標的,False,True,True,True,True,True
M.1657584619.A.AA5,[新聞] 馬斯克狂笑四連拍！推特怒批故意違反協議,新聞,False,新聞,False,True,True,True,True,True
M.1606123243.A.27F,[新聞] 為什麼經濟成長、薪資卻停滯？從數據分析 看見臺灣經濟發展的突破點,新聞,False,新聞,False,True,True,True,True,True
M.1722671633.A.0C8,Re: [心得] 債蛙們站出來吧,心得,True,心得,True,True,True,True,True,True
M.1595589735.A.66C,[新聞] 螞蟻雄兵集結！6月證券劃撥存款飆歷史新 高,新聞,False,新聞,False,True,True,True,True,True
M.1734331277.A.047,[新聞] 俄羅斯最大晶圓廠 Angstrom-T宣布破產,新聞,False,新聞,False,True,True,True,True,True
M.1569474014.A.7F4,[新聞] 台商回流超預期 寶華上修今年ＧＤＰ至2.3 ％,新聞,False,新聞,False,True,True,True,True,True
M.1430714119.A.ECB,[標的] 2456 奇力新 已刪文,標的,False,標的,False,True,True,True,True,True
M.1537491587.A.7EA,Re: [請益] 假如存到300萬如何運用最好？ 已刪文,請益,True,請益,True,True,True,True,True,True
M.1557551443.A.890,Re: [新聞] 川普下令將對其餘中國商品加徵關稅,新聞,True,新聞,True,True,True,True,True,True
M.1584152168.A.897,Re: [標的] 看到什麼訊號 狀態代表疫情到底？,標的,True,標的,True,True,True,True,True,True
M.1584609998.A.47C,[新聞] 畫面曝光！桃機湧萬人逃難返國潮　防疫車 隊排爆...人龍繞2排看不到盡頭 已刪文,新聞,False,新聞,False,True,True,True,True,True
M.1609855596.A.025,Re: [標的] 和碩 4938 做多,標的,True,標的,True,True,True,True,True,True
M.1595427402.A.E3C,[新聞] 晶心科明年首認RISC-V權利金 營收估年增,新聞,False,新聞,False,True,True,True,True,True
M.1441458297.A.F1C,[新聞] 外資賭很大 期貨多單撐2萬口 已刪文,新聞,False,新聞,False,True,True,True,True,True
M.1645081530.A.84A,[情報] 111年02月17日 三大法人買賣金額統計表,情報,False,情報,False,True,True,True,True,True
M.1587122614.A.CCE,[心得] 向台股致敬，空軍畢業+1 已刪文,心得,False,心得,False,True,True,True,True,True
M.1650009174.A.F87,Re: [標的] 到現在多軍只有我套牢？持股請益,標的,True,標的,True,True,True,True,True,True
M.1691514790.A.280,[標的] 台積電 空,標的,False,標的,False,True,True,True,True,True
M.1540388152.A.9E4,Re: [請益] 到底!!要怎麼評估景氣循環股股價????? 已刪文,請益,True,請益,True,True,True,True,True,True
M.1452221609.A.523,[請益] 有這樣的看盤軟體嗎? 已刪文,請益,False,請益,False,True,True,True,True,True
M.1651117357.A.6BC,[新聞] 欣興昆山復工「閉環生產」 法人估衝擊年4,新聞,False,新聞,False,True,True,True,True,True
M.1503912605.A.339,[標的] 3035智原 已刪文,標的,False,標的,False,True,True,True,True,True
M.1536557135.A.BDE,[請益] 券買的價格是怎樣算出來的? 已刪文,請益,False,請益,False,True,True,True,True,True
M.1596175507.A.9B6,[標的] AMZN,標的,False,標的,False,True,True,True,True,True
M.1717916918.A.67D,[新聞] 全家董事改選 國泰蔡家萬寶開發傳拿3席進 軍超商通路【獨家】,新聞,False,新聞,False,True,True,True,True,True
M.1664951272.A.B95,[情報] 5247 信驊 九月營收,情報,False,情報,False,True,True,True,True,True
M.1658868434.A.79F,[新聞] Google財報不如預期 盤後上揚,新聞,False,新聞,False,True,True,True,True,True
M.1553660410.A.5BF,Re: [其他]開發金決議參與認購中壽保現金增資普通股,其他,True,其他,True,True,True,True,True,True
M.1737000125.A.FA0,[新聞] 華航董事長謝世謙今驚傳心肌梗塞猝逝,新聞,False,新聞,False,True,True,True,True,True
M.1448425426.A.4CD,[新聞] 新加坡第三季GDP增長大幅上修 已刪文,新聞,False,新聞,False,True,True,True,True,True
M.1609297229.A.D21,Re: [新聞] 三星正式宣布 LCD廠停產時間點無限期延後,新聞,True,新聞,True,True,True,True,True,True
M.1694738606.A.186,[新聞] 存股、抄底、做短線價差，誰賺得比較多？,新聞,False,新聞,False,True,True,True,True,True
M.1649409820.A.DA0,[情報] 生達1720、邦特4107 3月營收,情報,False,情報,False,True,True,True,True,True
M.1626930121.A.C82,[請益] 決定增資前都沒想過後果嗎?,請益,False,請益,False,True,True,True,True,True
M.1721379300.A.AFF,Re: [新聞] 台股重挫529點 金管會信心喊話：基本面尚 稱穩健 已刪文,新聞,True,新聞,True,True,True,True,True,True
M.1636438169.A.9C0,[閒聊] 2021/11/09 盤後閒聊,閒聊,False,閒聊,False,True,True,True,True,True
M.1684845583.A.7D4,[新聞] 別再瘋搶00679B了 現買等於「1年債息泡 湯」上午投資人忙做這件事,新聞,False,新聞,False,True,True,True,True,True
M.1609342707.A.93E,Re: [心得] 為了一千多元違約交割 請慎選券商,心得,True,心得,True,True,True,True,True,True
M.1620647353.A.886,Re: [情報] 華航最新訊息,情報,True,情報,True,True,True,True,True,True
M.1658023823.A.8EF,[新聞] 《百貨股》特力屋宜蘭展店 特力衝刺雙通 路,新聞,False,新聞,False,True,True,True,True,True
M.1644335801.A.C03,[請益] 這樣有比較開勳ㄇ 已刪文,請益,False,請益,False,True,True,True,True,True
M.1459237641.A.8D0,[標的] 可成2474 已刪文,標的,False,標的,False,True,True,True,True,True
M.1618198161.A.5D2,[其他] 請問海運的已反應會反應到什麼時候？,其他,False,其他,False,True,True,True,True,True
M.1626323507.A.A48,[心得] 台股一萬八 還是靠海運,心得,False,心得,False,True,True,True,True,True
M.1698231893.A.4F0,[情報] 3041 揚智 澄清媒體報導,情報,False,情報,False,True,True,True,True,True
M.1570089356.A.B4B,[新聞] 投資純網銀被騙？張兆順坦言不知金金分 離沒排除,新聞,False,新聞,False,True,True,True,True,True
M.1667264843.A.616,[新聞] 美期中選舉前夕 拜登矛頭指向石油企業 獲暴利,新聞,False,新聞,False,True,True,True,True,True
M.1622527968.A.CB6,[新聞]指揮中心公布新增262例本土、5例境外移入COVID-19個案，另有6,新聞,False,新聞,False,True,True,True,True,True
M.1584550907.A.7E2,[請益] 又熔斷了,請益,False,請益,False,True,True,True,True,True
M.1442125799.A.54B,[請益] 看盤軟體 已刪文,請益,False,請益,False,True,True,True,True,True
M.1555000703.A.7DC,Re: [請益] JG的課值得上嗎?,請益,True,請益,True,True,True,True,True,True
M.1647669122.A.3D6,[請益] 銀行借貸真有創造貨幣嗎？,請益,False,請益,False,True,True,True,True,True
M.1444053913.A.B1D,[新聞] 營收：F-貿聯(3665)9月營收8億1033萬元 已刪文,新聞,False,新聞,False,True,True,True,True,True
M.1490628077.A.E30,Re: [標的] [新聞]2548 華固 三大利多發威 已刪文,標的,True,標的,True,True,True,True,True,True
M.1721372289.A.E27,[情報] 0719 上市投信買賣超排行,情報,False,情報,False,True,True,True,True,True
M.1626722668.A.BF9,Re: [心得］歐美與亞洲貨櫃航運業（以長榮為例） 已刪文,未分類,True,未分類,True,True,True,True,False,False
M.1598318225.A.CED,[新聞] XOM慘遭道指除名 昔日市值龍頭如今落難,新聞,False,新聞,False,True,True,True,True,True
M.1640498561.A.57C,Re: [請益] 台灣有什麼領域世界第一的公司嗎？,請益,True,請益,True,True,True,True,True,True
M.1679133378.A.739,[標的] 2023餐飲觀光還有沒有戲？,標的,False,標的,False,True,True,True,True,True
M.1694765165.A.680,[情報] 0915 上市外資買賣超排行,情報,False,情報,False,True,True,True,True,True
M.1551009595.A.C86,[標的] 3017 奇鋐 已刪文,標的,False,標的,False,True,True,True,True,True
M.1585464339.A.E30,[新聞] 醫療手套恐爆全球缺貨潮 ! 已刪文,新聞,False,新聞,False,True,True,True,True,True
M.1442550487.A.DFC,Re: [新聞] 日本慘遭降評 安倍經濟學為何沒效？ 已刪文,新聞,True,新聞,True,True,True,True,True,True
M.1517034491.A.912,[標的] 2303聯電 已刪文,標的,False,標的,False,True,True,True,True,True
M.1612793614.A.1B5,Re: [新聞] 台積電年前發紅包？去年Q4配息上看每股3,新聞,True,新聞,True,True,True,True,True,True
M.1625983252.A.CBE,[新聞] 拜登簽署行政命令 促經濟競爭但未提海運 價,新聞,False,新聞,False,True,True,True,True,True
M.1506474792.A.998,[標的] 大立光  3008 小立光股期建在5265 已刪文,標的,False,標的,False,True,True,True,True,True
M.1462359340.A.E4E,Re: [請益] 能否推薦一個一生富足的技術分析大師 已刪文,請益,True,請益,True,True,True,True,True,True
M.1694059779.A.804,[請益] 韭菜小白買世界、鴻海個股輸ETF（附損益,請益,False,請益,False,True,True,True,True,True
M.1645423235.A.8C4,Re: [標的] 2618.Tw 長榮航 實質解封股 率先受惠,標的,True,標的,True,True,True,True,True,True
M.1734492264.A.ED9,Re: [新聞] 〈焦點股〉特斯拉飆漲逾6%激勵 亞光漲停,新聞,True,新聞,True,True,True,True,True,True
M.1616904557.A.F00,Re: [新聞] 台積電後誰是下一座神山？散戶押兩大家,新聞,True,新聞,True,True,True,True,True,True
M.1620903223.A.C81,[情報] 大洋-ky(5907)第1季財報,情報,False,情報,False,True,True,True,True,True
M.1714126527.A.5EE,[情報] 113/04/26 八大公股銀行買賣超排行,情報,False,情報,False,True,True,True,True,True
M.1666661630.A.3CB,[新聞] FT一篇報導 台積電ADR一度下殺6%,新聞,False,新聞,False,True,True,True,True,True
M.1661424157.A.D00,[新聞] 金融市場爛頭寸 明顯少了,新聞,False,新聞,False,True,True,True,True,True
M.1572715008.A.1A6,Re: [新聞] 台積電漲到3百元張忠謀：不意外有信心看漲,新聞,True,新聞,True,True,True,True,True,True
M.1637484288.A.86A,Re: [心得] Are you an Ape?,心得,True,心得,True,True,True,True,True,True
M.1720529309.A.940,[新聞] 獲利靚！遠傳6月稅後純益創近十年新高,新聞,False,新聞,False,True,True,True,True,True
M.1704106284.A.BD4,[心得] 2023年報檢討,心得,False,心得,False,True,True,True,True,True
M.1683128593.A.F9C,[新聞] 花旗策略師：企業財報優於預期 投資人樂 觀看待美股前景,新聞,False,新聞,False,True,True,True,True,True
M.1642144028.A.134,[情報] 0114 SCFI指數 5094.36 （-15.24）,情報,False,情報,False,True,True,True,True,True
M.1617708382.A.8E7,Re: [標的] 驊訊 6237 （綜合）,標的,True,標的,True,True,True,True,True,True
M.1582083950.A.FBD,[新聞] 《台北股市》盤中焦點股：聚積、博智、쀭,新聞,False,新聞,False,True,True,True,True,True
M.1718011532.A.3E0,[新聞] 每年200萬人想進輝達！碩士生年薪640萬 「超硬面試過程」曝,新聞,False,新聞,False,True,True,True,True,True
M.1653404013.A.331,[新聞] 「最懂航運的男人」顏益財：長榮、陽明 股價低估,新聞,False,新聞,False,True,True,True,True,True
M.1515197793.A.03F,[標的] 6462 神盾 已刪文,標的,False,標的,False,True,True,True,True,True
M.1598350661.A.4F1,Re: [標的] 宏捷科 8086 多,標的,True,標的,True,True,True,True,True,True
M.1547095097.A.332,[新聞] 三星於CES向目標客戶展示折疊式手機 普獲好評 已刪文,新聞,False,新聞,False,True,True,True,True,True
M.1571036337.A.BED,[標的] 5299 杰力  被低估的好公司,標的,False,標的,False,True,True,True,True,True
M.1601778136.A.2B1,[新聞] 公銀香港獵才,新聞,False,新聞,False,True,True,True,True,True
M.1570281106.A.AD5,[新聞] 訪旺宏電子蔡英文盛讚研發能力、照顧員工,新聞,False,新聞,False,True,True,True,True,True
M.1718086629.A.4B3,[情報] 1234 黑松 5月營收,情報,False,情報,False,True,True,True,True,True
M.1610635380.A.7A2,Re: [標的] 鴻海 轉型市值多,標的,True,標的,True,True,True,True,True,True
M.1660675833.A.915,[標的] 1435中福 還有機會跑？ 已刪文,標的,False,標的,False,True,True,True,True,True
M.1639013118.A.B4C,Re: [標的] 2618.TW 長榮航 多,標的,True,標的,True,True,True,True,True,True
M.1626225854.A.E2A,[請益] 阿榮回檔 36%了.... 已刪文,請益,False,請益,False,True,True,True,True,True
M.1584364259.A.8B2,[新聞] 國際金融：日本央行ETF購買目標加倍至12 兆日圓，惟未下調已是負值的利率,新聞,False,新聞,False,True,True,True,True,True
M.1732341944.A.767,[請益] Re: 航運還能買嗎,請益,False,請益,False,True,True,True,True,True
M.1438441251.A.6C5,[新聞] 加強監管 滬深交易所限制10帳戶交易 已刪文,新聞,False,新聞,False,True,True,True,True,True
M.1663420714.A.933,Re: [標的] 2603長榮 禮拜一如果直直崩 該如何處置？,標的,True,標的,True,True,True,True,True,True
M.1610951871.A.77C,[請益] 所得稅+股票,請益,False,請益,False,True,True,True,True,True
M.1560265524.A.757,[新聞] 東京威力科創停止向美黑名單上的中企供貨,新聞,False,新聞,False,True,True,True,True,True
M.1615862366.A.AFE,[標的] 零壹強勢整理多,標的,False,標的,False,True,True,True,True,True
M.1536737730.A.F65,饒舌歌詞改編形容最近盤勢 已刪文,未分類,False,未分類,False,True,True,True,False,False
M.1620886693.A.D36,Re: [標的] PINS Pinterest 短線,標的,True,標的,True,True,True,True,True,True
M.1636631395.A.5DF,[情報] 1111 上市櫃外資投信同買排行,情報,False,情報,False,True,True,True,True,True
M.1721615030.A.9F3,[新聞] 台積電基本面強勁 外資按讚世芯、日月光,新聞,False,新聞,False,True,True,True,True,True
M.1642762803.A.FB1,[情報] 2323中環取得台積電/長榮股票公告,情報,False,情報,False,True,True,True,True,True
M.1621223916.A.CD1,[標的] 聯亞3081 空,標的,False,標的,False,True,True,True,True,True
M.1442657102.A.7B8,[新聞] 融劵保證金成數調回90％？曾銘宗：先洽詢 已刪文,新聞,False,新聞,False,True,True,True,True,True
M.1731053552.A.F34,[新聞] 緯創營收／10月962.85億元、年增22.8% 手握輝達訂單看好今年 續揚,新聞,False,新聞,False,True,True,True,True,True
M.1588132512.A.34B,[心得] 大盤,心得,False,心得,False,True,True,True,True,True
M.1634032023.A.D68,[請益] 如何放空房地產這個產業？ 已刪文,請益,False,請益,False,True,True,True,True,True
M.1601746750.A.29E,[請益] all in vix財務自由的可能性？,請益,False,請益,False,True,True,True,True,True
M.1721142003.A.B31,[新聞] 面交現金代操股票 嘉義商人被騙1030萬,新聞,False,新聞,False,True,True,True,True,True
M.1704341671.A.A80,[新聞] 連鎖健身中心世界健身-KY今展開競拍,新聞,False,新聞,False,True,True,True,True,True
M.1550023513.A.F90,[標的] 宏達電 空 已刪文,標的,False,標的,False,True,True,True,True,True
M.1446206904.A.819,[新聞] F-廣華(1338)前三季EPS為6.59元 已刪文,新聞,False,新聞,False,True,True,True,True,True
M.1636083305.A.BE4,Re: [新聞] 傳3避險基金放空台股「航運面板暴漲暴跌 」 綠委要求證期局調查,新聞,True,新聞,True,True,True,True,True,True
M.1565176450.A.9B0,[新聞] 鈷價下跌，嘉能可計劃年底關閉位於剛果 的銅鈷礦,新聞,False,新聞,False,True,True,True,True,True
M.1436367216.A.B53,Re: [標的] 上証2X(多) 已刪文,標的,True,標的,True,True,True,True,True,True
M.1470299508.A.E99,[新聞] 徐三泰原訂昨開庭　法院接神秘電話請假 已刪文,新聞,False,新聞,False,True,True,True,True,True
M.1532007896.A.559,[新聞] 台積電營運不靠加密貨幣：7奈米下半年發 威 已刪文,新聞,False,新聞,False,True,True,True,True,True
M.1665797909.A.1B1,[心得] 日本經濟爛掉到底誰的錯?,心得,False,心得,False,True,True,True,True,True
M.1612568371.A.CFA,[標的] 美股 $API Clubhouse果粉多,標的,False,標的,False,True,True,True,True,True
M.1713511243.A.EF7,[新聞] 外資大賣台股857億 史上第二大！,新聞,False,新聞,False,True,True,True,True,True
M.1593264405.A.AAF,[新聞] 新光1號REITs清算案 未過關,新聞,False,新聞,False,True,True,True,True,True
M.1642878119.A.C84,Re: [請益] 抄底早抄晚抄哪個比較賺？,請益,True,請益,True,True,True,True,True,True
M.1535189156.A.68F,[標的] 1730 花仙子 已刪文,標的,False,標的,False,True,True,True,True,True
M.1433309573.A.1B2,[標的] 卜蜂1215 VS 大成1210 已刪文,標的,False,標的,False,True,True,True,True,True
M.1622194858.A.D9C,Re: [請益] 有沒有龍巖買不到的八卦,請益,True,請益,True,True,True,True,True,True
M.1591108523.A.9EC,[其他] 用excel建立投資回測（不會程式也可以）,其他,False,其他,False,True,True,True,True,True
M.1628835588.A.ADA,[新聞] 特斯拉近期面臨新挑戰 值得台灣供應鏈廠 商關注,新聞,False,新聞,False,True,True,True,True,True
M.1733902188.A.AB3,[情報] 113/12/11 櫃買法人及個股買賣超,情報,False,情報,False,True,True,True,True,True
M.1647181154.A.FB0,[公告] 03/13 處置名單：WhitePope,公告,False,公告,False,True,True,True,True,True
M.1629377801.A.274,[請益] 最近都睡不著怎麼辦？ 已刪文,請益,False,請益,False,True,True,True,True,True
M.1469191104.A.960,[其他] 105年07月22日信用交易統計 已刪文,其他,False,其他,False,True,True,True,True,True
M.1626231273.A.17B,[心得] 通膨數據可能需要再注意一下 ~,心得,False,心得,False,True,True,True,True,True
M.1717046390.A.26F,Re: [新聞] 84萬多名股東注意！聯電股東會紀念品出爐,新聞,True,新聞,True,True,True,True,True,True
M.1597999383.A.633,Re: [新聞] 快訊／台新金告贏財政部！,新聞,True,新聞,True,True,True,True,True,True
M.1563808737.A.506,[其他] 測驗你的病態賭博嚴重指數,其他,False,其他,False,True,True,True,True,True
M.1688813729.A.6D0,[標的] 電信股適合當保本然後穩定領息的標的嗎,標的,False,標的,False,True,True,True,True,True
M.1658316203.A.4D2,[情報] VinaCapital預測越南Q3 GDP成長10%,情報,False,情報,False,True,True,True,True,True
M.1529921930.A.DCC,[新聞] 台積電 7 奈米將吃高通驍龍 1000 平台訂 單，瞄準全時聯網筆電市場 已刪文,新聞,False,新聞,False,True,True,True,True,True
M.1496471110.A.8E6,[心得] 小魯蛇一路走來的心得 已刪文,心得,False,心得,False,True,True,True,True,True
M.1440348007.A.468,[標的] 佳格 已刪文,標的,False,標的,False,True,True,True,True,True
M.1651048159.A.7B4,[新聞] 上攻兩萬點仍有望 郭哲榮揭台股二大優勢 已刪文,新聞,False,新聞,False,True,True,True,True,True
M.1538051778.A.999,[其他] 107年09月27日信用交易統計 已刪文,其他,False,其他,False,True,True,True,True,True
M.1721136658.A.195,[情報]6111大宇資112年現金增資全體董事放棄認購,情報,False,情報,False,True,True,True,True,True
M.1686660552.A.9AD,[情報] 0613 上市櫃外資投信同買排行,情報,False,情報,False,True,True,True,True,True
M.1627906514.A.90C,[情報] 美國一公司告兩航商操控運價賺取暴利!,情報,False,情報,False,True,True,True,True,True
M.1643120820.A.560,[請益] 請問台股大盤的開盤價有夠不準的 已刪文,請益,False,請益,False,True,True,True,True,True
M.1597759892.A.80E,[新聞] 中共銀保監會主席：今年銀行壞帳或大增,新聞,False,新聞,False,True,True,True,True,True
M.1565871554.A.47E,[新聞] 台商回台飆破5484億,新聞,False,新聞,False,True,True,True,True,True
M.1437515257.A.E9E,Re: [請益] 大家覺得還會跌多久? 已刪文,請益,True,請益,True,True,True,True,True,True
M.1486615334.A.E77,[標的] 2498 宏達電 (短線多) 已刪文,標的,False,標的,False,True,True,True,True,True
M.1493122666.A.B93,[新聞] 富邦金估配息2元 周四敲定 已刪文,新聞,False,新聞,False,True,True,True,True,True
M.1612876493.A.1D2,[新聞]無重大競爭憂慮　德監管機關批准環球晶併 Siltronic,新聞,False,新聞,False,True,True,True,True,True
M.1440426915.A.436,[新聞] 台股續破底 外資8月撤出逾800億元 已刪文,新聞,False,新聞,False,True,True,True,True,True
M.1635900934.A.2B2,[新聞] 茂矽Q3純益季增3倍 每股賺0.61元,新聞,False,新聞,False,True,True,True,True,True
M.1574254738.A.18C,[其他] 11/20 集中市場三大法人買賣超前30名,其他,False,其他,False,True,True,True,True,True
M.1610765553.A.CCD,[新聞] 【獨家】大突破！康友千金過境台灣被逮 赴星團圓落跑董座黃文烈夢碎,新聞,False,新聞,False,True,True,True,True,True
M.1552440219.A.040,[標的] 3694海華 已刪文,標的,False,標的,False,True,True,True,True,True
M.1476840351.A.7D4,[其他] 2016年第三季全球PC出貨量成長率衰退幅 已刪文,其他,False,其他,False,True,True,True,True,True
M.1707814254.A.747,[新聞] 女股神公司10年慘賠143億美元 旗下這檔ET F遭列「摧毀財富」基金第三名,新聞,False,新聞,False,True,True,True,True,True
M.1713246028.A.760,[請益] 成交價金問題,請益,False,請益,False,True,True,True,True,True
M.1722824483.A.A71,[請益] 現在滿地鑽石，要買什麼股票==？ 已刪文,請益,False,請益,False,True,True,True,True,True
M.1664258837.A.C5B,[新聞] 突辭長榮國際董座　鄭深池：階段任務完 成、退出長榮經營權事務,新聞,False,新聞,False,True,True,True,True,True
M.1620827881.A.0C2,[心得] 是不是沒見過股災的人才會怕？,心得,False,心得,False,True,True,True,True,True
M.1512486175.A.D15,[標的] 緯創 3231 長多 已刪文,標的,False,標的,False,True,True,True,True,True
M.1540476253.A.9A8,[請益] 為什麼大家好像都賠不少? 已刪文,請益,False,請益,False,True,True,True,True,True
M.1576491130.A.205,[請益] 台積電現在上車來得及嗎? 已刪文,請益,False,請益,False,True,True,True,True,True
M.1603842485.A.C7C,[公告] bryan111129 ncc5566 kusomanfcu 水桶,公告,False,公告,False,True,True,True,True,True
