ticker,name_short,sector,n_matches,n_articles,n_weeks_nonzero,first_match,last_match,share_code_match,share_weekend
2330,台積電,半導體,27108,27108,508,2015-04-27 18:45:32,2025-01-24 10:24:25,0.2448723624022429,0.17780728936107423
2317,鴻海,其他電子,6211,6211,507,2015-04-27 21:46:59,2025-01-24 08:26:08,0.48140396071486075,0.15134438898728064
2609,陽明,航運,5436,5436,353,2015-04-27 23:16:04,2025-01-22 12:49:27,0.3646063281824871,0.14201618837380428
2303,聯電,半導體,4179,4179,469,2015-04-27 23:16:04,2025-01-22 23:29:36,0.486958602536492,0.11797080641301746
2603,長榮,航運,3437,3437,381,2015-05-04 22:46:11,2025-01-16 09:26:56,0.9109688681990108,0.1053244108233925
2409,友達,光電,3231,3231,481,2015-04-27 19:07:37,2025-01-23 23:08:49,0.49365521510368304,0.09346951408232745
2002,中鋼,鋼鐵,2745,2745,473,2015-04-28 01:12:59,2025-01-17 08:31:09,0.5336976320582878,0.13806921675774134
2327,國巨*,電子零組件,2296,2296,381,2015-05-01 21:33:50,2024-12-12 20:39:28,0.38501742160278746,0.13588850174216027
2610,華航,航運,2138,2138,406,2015-04-28 23:55:55,2025-01-21 17:56:39,0.5369504209541628,0.10757717492984098
2308,台達電,電子零組件,1441,1441,419,2015-04-29 16:07:13,2025-01-22 23:29:36,0.4816099930603747,0.14712005551700208
2344,華邦電,半導體,1392,1392,391,2015-05-28 21:17:33,2025-01-22 17:21:48,0.5079022988505747,0.09123563218390805
1301,台塑,塑膠,1354,1354,409,2015-05-04 23:04:29,2025-01-22 22:01:53,0.396602658788774,0.16174298375184637
2337,旺宏,半導體,1296,1296,360,2015-04-29 16:07:13,2025-01-16 21:55:48,0.5655864197530864,0.10802469135802469
1101,台泥,水泥,1148,1148,397,2015-04-29 12:49:01,2025-01-15 10:40:27,0.6245644599303136,0.1489547038327526
2313,華通,電子零組件,976,976,357,2015-04-27 23:16:04,2024-12-31 13:33:25,0.7551229508196722,0.09938524590163934
2323,中環,光電,789,789,304,2015-04-30 11:54:29,2025-01-21 18:40:02,0.5880861850443599,0.06590621039290241
2834,臺企銀,金融,784,784,291,2015-04-27 23:16:04,2025-01-14 21:06:41,0.4987244897959184,0.10204081632653061
1536,和大,汽車,747,747,355,2015-04-28 12:56:36,2025-01-24 12:12:31,0.321285140562249,0.19410977242302543
2014,中鴻,鋼鐵,690,690,259,2015-04-29 00:51:31,2025-01-11 09:20:02,0.5681159420289855,0.12753623188405797
1102,亞泥,水泥,643,643,299,2015-05-18 21:32:12,2025-01-15 10:40:27,0.6127527216174183,0.16640746500777606
1513,中興電,電機機械,616,616,189,2015-05-08 23:21:11,2024-12-12 17:38:04,0.525974025974026,0.08928571428571429
6505,台塑化,油電燃氣,588,588,294,2015-04-27 23:16:04,2025-01-21 23:18:46,0.445578231292517,0.14625850340136054
2801,彰銀,金融,579,579,307,2015-04-27 23:16:04,2025-01-14 21:06:41,0.48013816925734026,0.13298791018998274
2812,台中銀,金融,552,552,254,2015-05-08 16:32:40,2025-01-14 21:06:41,0.3333333333333333,0.18297101449275363
2606,裕民,航運,539,539,213,2015-05-13 18:27:38,2025-01-17 22:49:36,0.6567717996289425,0.12059369202226346
2605,新興,航運,512,512,261,2015-05-07 08:48:43,2025-01-13 13:48:13,0.275390625,0.154296875
1605,華新,電器電纜,506,506,233,2015-04-29 18:16:43,2024-12-31 13:33:25,0.9525691699604744,0.06719367588932806
1216,統一,食品,497,497,276,2015-04-27 16:57:02,2025-01-13 22:51:14,1.0,0.1006036217303823
1402,遠東新,紡織,486,486,253,2015-04-30 09:42:48,2024-12-26 23:15:35,1.0,0.07613168724279835
2354,鴻準,其他電子,461,461,211,2015-04-27 23:16:04,2025-01-17 08:29:11,0.6898047722342733,0.08459869848156182
1519,華城,電機機械,440,440,169,2015-05-13 18:15:29,2025-01-22 23:29:36,0.615909090909091,0.09772727272727273
1303,南亞,塑膠,407,407,222,2015-05-04 22:46:11,2025-01-17 21:51:22,1.0,0.07371007371007371
2367,燿華,電子零組件,383,383,162,2015-04-27 22:49:50,2024-11-22 13:21:48,0.720626631853786,0.10704960835509138
3036,文曄,電子通路,370,370,170,2015-05-04 18:17:49,2025-01-10 02:24:46,0.727027027027027,0.10270270270270271
2347,聯強,電子通路,354,354,208,2015-05-24 23:06:55,2024-12-31 13:33:25,0.7994350282485876,0.12146892655367232
2312,金寶,其他電子,350,350,153,2015-05-18 19:10:58,2025-01-22 10:55:19,0.38571428571428573,0.08571428571428572
1909,榮成,造紙,347,347,176,2015-08-11 20:10:41,2024-04-22 21:27:57,0.654178674351585,0.1037463976945245
2105,正新,橡膠,344,344,192,2015-05-12 08:30:02,2024-11-18 23:37:05,0.6424418604651163,0.13372093023255813
2316,楠梓電,電子零組件,344,344,168,2015-05-13 17:39:34,2025-01-23 18:39:47,0.7063953488372093,0.18895348837209303
1907,永豐餘,造紙,343,343,168,2015-05-29 16:49:54,2024-12-18 18:15:03,0.33527696793002915,0.13702623906705538
1504,東元,電機機械,332,332,196,2015-05-02 16:22:30,2024-12-31 13:44:03,0.6867469879518072,0.09036144578313253
1760,寶齡富錦,生技,327,327,116,2015-11-09 21:08:32,2024-12-26 17:09:39,0.5596330275229358,0.12844036697247707
1215,卜蜂,食品,323,323,203,2015-06-03 13:32:53,2025-01-04 18:38:59,0.6842105263157895,0.23839009287925697
1312,國喬,塑膠,305,305,183,2015-04-27 23:16:04,2025-01-01 10:20:40,0.7967213114754098,0.06229508196721312
2338,光罩,半導體,297,297,165,2015-05-08 19:14:38,2025-01-13 13:03:48,0.5993265993265994,0.09090909090909091
2404,漢唐,其他電子,293,293,179,2015-05-13 18:15:29,2025-01-20 22:19:40,0.7508532423208191,0.21160409556313994
2838,聯邦銀,金融,284,284,184,2015-06-04 01:16:21,2025-01-14 21:06:41,0.3767605633802817,0.15492957746478872
2349,錸德,光電,281,281,108,2015-05-20 13:21:09,2024-11-27 16:49:30,0.6512455516014235,0.060498220640569395
6869,雲豹能源,綠能環保,278,278,78,2019-01-23 16:09:09,2025-01-21 22:24:37,0.5899280575539568,0.12949640287769784
1319,東陽,汽車,273,273,171,2015-04-30 17:52:42,2025-01-14 23:15:45,0.8534798534798534,0.10989010989010989
2208,台船,航運,264,264,172,2015-06-02 20:46:10,2025-01-10 22:49:25,0.5454545454545454,0.14772727272727273
1305,華夏,塑膠,256,256,162,2015-05-04 23:00:52,2025-01-01 10:20:40,0.71484375,0.11328125
1503,士電,電機機械,251,251,98,2015-05-13 06:36:04,2025-01-23 18:39:47,0.6454183266932271,0.15139442231075698
1810,和成,玻璃,249,249,172,2015-05-09 14:18:12,2025-01-17 11:24:41,0.11646586345381527,0.18072289156626506
1904,正隆,造紙,246,246,156,2015-04-29 15:54:30,2025-01-01 23:13:31,0.5975609756097561,0.1910569105691057
1707,葡萄王,生技,243,243,138,2015-05-12 21:37:47,2024-11-11 17:00:46,0.6625514403292181,0.23045267489711935
2108,南帝,橡膠,243,243,136,2015-05-04 23:04:29,2024-12-26 20:47:58,0.7736625514403292,0.09876543209876543
2359,所羅門,其他電子,240,240,75,2015-08-11 22:08:23,2025-01-15 22:15:57,0.6541666666666667,0.07083333333333333
1218,泰山,食品,240,240,132,2015-08-26 20:50:34,2025-01-10 14:34:57,0.5125,0.15833333333333333
2329,華泰,半導體,240,240,125,2015-04-30 19:22:03,2024-11-15 11:37:37,0.6625,0.11666666666666667
1304,台聚,塑膠,234,234,124,2015-06-09 12:16:28,2025-01-15 14:00:02,0.4444444444444444,0.08974358974358974
1802,台玻,玻璃,229,229,121,2015-05-15 16:29:26,2024-11-21 21:51:58,0.6899563318777293,0.13537117903930132
2009,第一銅,鋼鐵,229,229,76,2015-08-15 18:43:27,2024-11-04 23:02:40,0.37554585152838427,0.11790393013100436
1201,味全,食品,227,227,144,2015-05-11 13:26:43,2024-12-21 02:06:39,0.6343612334801763,0.2422907488986784
2360,致茂,其他電子,210,210,146,2015-04-30 17:52:42,2025-01-22 23:29:36,0.7857142857142857,0.09523809523809523
2915,潤泰全,貿易百貨,207,207,121,2015-04-27 23:16:04,2024-12-20 23:11:51,1.0,0.0821256038647343
8454,富邦媒,數位雲端,206,206,133,2015-05-13 06:36:04,2024-12-10 19:53:45,1.0,0.16019417475728157
1710,東聯,化學,203,203,133,2015-05-08 23:21:11,2024-10-03 14:35:42,0.7389162561576355,0.16748768472906403
2351,順德,半導體,203,203,117,2015-07-13 23:28:02,2024-12-27 15:59:16,0.7192118226600985,0.11822660098522167
1210,大成,食品,200,200,128,2015-05-08 22:53:05,2024-12-10 23:00:34,1.0,0.17
2006,東和鋼鐵,鋼鐵,198,198,101,2016-08-22 16:57:52,2025-01-08 18:02:42,0.51010101010101,0.08585858585858586
2406,國碩,光電,197,197,121,2015-05-04 22:46:11,2024-11-26 18:20:45,0.7411167512690355,0.12690355329949238
2355,敬鵬,電子零組件,195,195,111,2015-05-13 16:21:08,2024-11-05 17:56:23,0.8717948717948718,0.16923076923076924
3708,上緯投控,綠能環保,195,195,120,2016-10-05 10:17:13,2024-08-09 12:46:12,0.6615384615384615,0.14871794871794872
2820,華票,金融,192,192,140,2015-07-28 00:19:24,2024-11-14 23:27:46,0.421875,0.24479166666666666
1310,台苯,塑膠,190,190,118,2015-05-04 23:04:29,2025-01-21 20:53:40,0.7473684210526316,0.15789473684210525
2912,統一超,貿易百貨,189,189,129,2015-05-12 21:37:47,2025-01-14 21:09:14,1.0,0.12169312169312169
2903,遠百,貿易百貨,184,184,123,2015-05-04 22:46:11,2025-01-13 09:47:22,1.0,0.10326086956521739
2059,川湖,電子零組件,181,181,111,2015-04-28 17:54:09,2025-01-07 15:33:15,0.8287292817679558,0.12154696132596685
2013,中鋼構,鋼鐵,175,175,102,2015-04-27 20:15:53,2025-01-15 21:52:50,0.4,0.14285714285714285
2836,高雄銀,金融,172,172,120,2016-01-04 19:47:49,2025-01-10 18:20:31,0.42441860465116277,0.13953488372093023
1609,大亞,電器電纜,164,164,83,2016-03-29 16:28:36,2024-10-22 11:18:06,1.0,0.042682926829268296
9908,大台北,油電燃氣,162,162,123,2015-05-07 00:43:41,2024-12-17 10:17:18,0.10493827160493827,0.2037037037037037
2340,台亞,半導體,162,162,96,2015-06-10 17:03:34,2024-12-19 18:59:19,0.8950617283950617,0.08641975308641975
2607,榮運,航運,155,155,71,2015-07-12 00:26:36,2024-12-31 13:33:25,0.4838709677419355,0.16129032258064516
1708,東鹼,化學,155,155,75,2015-05-04 23:00:52,2024-11-25 09:46:18,0.7419354838709677,0.07741935483870968
1514,亞力,電機機械,152,152,67,2015-04-27 16:57:02,2024-11-22 19:03:37,1.0,0.05921052631578947
2727,王品,觀光餐旅,152,152,97,2015-05-07 10:10:11,2024-11-08 12:57:36,1.0,0.14473684210526316
8926,台汽電,油電燃氣,151,151,102,2015-04-29 15:54:30,2024-08-14 12:41:58,0.5033112582781457,0.25165562913907286
2845,遠東銀,金融,150,150,109,2015-07-13 23:28:02,2025-01-20 13:28:35,1.0,0.1
1734,杏輝,生技,147,147,59,2015-05-11 16:12:24,2024-12-26 17:09:39,0.3673469387755102,0.17687074829931973
1434,福懋,紡織,147,147,109,2015-05-04 23:00:52,2024-12-31 14:00:03,0.5238095238095238,0.1836734693877551
1308,亞聚,塑膠,136,136,89,2015-04-27 23:16:04,2024-11-07 11:59:34,0.6323529411764706,0.10294117647058823
2393,億光,光電,130,130,97,2015-05-04 11:05:15,2024-12-26 21:16:43,0.47692307692307695,0.14615384615384616
2849,安泰銀,金融,130,130,96,2015-04-29 19:29:33,2025-01-08 12:16:34,0.3,0.16923076923076924
2328,廣宇,電子零組件,128,128,81,2015-05-14 16:49:13,2025-01-17 08:29:11,0.5703125,0.078125
3029,零壹,資訊服務,128,128,92,2015-04-27 18:39:10,2024-12-26 17:47:53,1.0,0.0859375
1217,愛之味,食品,124,124,77,2015-05-27 11:45:46,2024-12-17 23:27:30,0.5967741935483871,0.1532258064516129
1712,興農,化學,124,124,88,2015-05-08 22:53:05,2024-11-08 16:16:28,0.4596774193548387,0.24193548387096775
2103,台橡,橡膠,124,124,91,2015-05-07 17:19:27,2024-07-09 11:58:23,0.782258064516129,0.10483870967741936
2015,豐興,鋼鐵,123,123,93,2015-04-29 18:16:43,2024-11-30 13:13:14,0.6747967479674797,0.21138211382113822
1718,中纖,化學,121,121,86,2015-05-04 23:04:29,2024-09-16 09:42:06,0.7024793388429752,0.10743801652892562
1309,台達化,塑膠,120,120,84,2015-05-22 10:52:31,2024-12-22 11:41:38,0.4166666666666667,0.20833333333333334
2104,國際中橡,橡膠,119,119,82,2015-05-27 08:30:02,2023-03-29 16:02:37,0.7563025210084033,0.13445378151260504
1104,環泥,水泥,119,119,83,2015-05-08 16:11:05,2024-11-07 15:40:51,0.8067226890756303,0.24369747899159663
1711,永光,化學,118,118,52,2015-05-15 21:44:04,2024-09-20 21:56:51,0.6016949152542372,0.0847457627118644
2374,佳能,光電,117,117,52,2015-04-28 20:41:02,2025-01-17 23:23:38,0.7692307692307693,0.07692307692307693
1905,華紙,造紙,116,116,74,2015-05-26 23:24:57,2024-06-26 18:36:10,0.5775862068965517,0.08620689655172414
1721,三晃,化學,114,114,35,2015-10-30 10:38:44,2024-10-24 23:54:50,0.6842105263157895,0.06140350877192982
1515,力山,電機機械,113,113,81,2015-10-13 17:16:56,2024-11-29 09:00:13,1.0,0.1504424778761062
1752,南光,生技,113,113,75,2015-05-11 15:35:21,2024-12-26 17:09:39,0.8407079646017699,0.09734513274336283
2106,建大,橡膠,109,109,91,2015-04-30 08:30:02,2024-08-01 09:00:29,0.5871559633027523,0.12844036697247707
1527,鑽全,電機機械,109,109,81,2015-05-13 13:04:44,2025-01-01 17:13:57,0.7889908256880734,0.12844036697247707
1409,新纖,紡織,107,107,82,2015-04-30 09:42:48,2025-01-10 11:33:42,0.6915887850467289,0.11214953271028037
2707,晶華,觀光餐旅,106,106,77,2015-05-04 16:59:25,2025-01-19 15:26:18,1.0,0.16981132075471697
2723,美食-KY,觀光餐旅,105,105,83,2015-05-04 22:46:11,2024-11-28 22:57:27,1.0,0.14285714285714285
2601,益航,航運,104,104,69,2015-08-30 13:47:58,2024-10-08 22:09:13,0.6346153846153846,0.2403846153846154
2608,嘉里大榮,航運,103,103,67,2015-07-26 19:12:48,2024-12-21 22:18:31,0.6116504854368932,0.1941747572815534
1603,華電,電器電纜,103,103,73,2015-05-01 21:33:50,2025-01-10 11:46:40,0.32038834951456313,0.13592233009708737
2102,泰豐,橡膠,99,99,59,2015-06-16 23:12:40,2025-01-17 00:10:39,0.6666666666666666,0.050505050505050504
1720,生達,生技,98,98,73,2015-07-11 20:16:14,2024-12-19 20:25:41,0.6530612244897959,0.11224489795918367
1522,堤維西,汽車,97,97,67,2015-06-10 17:25:51,2024-11-07 16:53:36,0.5154639175257731,0.17525773195876287
2480,敦陽科,資訊服務,96,96,75,2015-05-12 16:03:34,2024-10-16 13:53:34,0.6041666666666666,0.25
1524,耿鼎,汽車,96,96,55,2015-05-29 21:13:51,2025-01-08 14:00:03,0.6770833333333334,0.125
1313,聯成,塑膠,93,93,65,2015-06-12 23:32:26,2024-12-03 11:52:19,0.5913978494623656,0.0967741935483871
3033,威健,電子通路,92,92,71,2015-08-20 19:10:41,2024-12-02 17:32:38,0.7934782608695652,0.13043478260869565
2342,茂矽,半導體,91,91,63,2015-05-05 20:54:51,2024-10-11 22:42:40,0.7142857142857143,0.14285714285714285
1213,大飲,食品,91,91,49,2017-08-10 22:12:56,2025-01-09 20:48:34,0.7582417582417582,0.14285714285714285
2611,志信,航運,90,90,49,2016-08-02 14:20:43,2024-09-20 17:42:39,0.6555555555555556,0.15555555555555556
3557,嘉威,居家生活,89,89,67,2015-05-21 16:09:13,2024-11-15 16:19:28,1.0,0.23595505617977527
2832,台產,金融,88,88,64,2015-05-18 13:57:03,2024-10-25 17:25:54,0.38636363636363635,0.20454545454545456
2901,欣欣,貿易百貨,87,87,64,2015-04-29 23:49:14,2024-11-09 21:11:47,0.05747126436781609,0.28735632183908044
2007,燁興,鋼鐵,86,86,48,2016-06-17 07:41:42,2025-01-15 20:18:33,0.5813953488372093,0.16279069767441862
2616,山隆,油電燃氣,86,86,69,2016-04-12 19:22:16,2025-01-01 23:13:31,0.6511627906976745,0.3372093023255814
3048,益登,電子通路,86,86,51,2015-05-15 15:29:35,2024-11-14 14:00:02,0.813953488372093,0.05813953488372093
9924,福興,居家生活,83,83,58,2015-05-13 16:21:08,2024-11-08 15:40:49,0.8433734939759037,0.12048192771084337
1717,長興,化學,83,83,65,2015-04-27 20:54:48,2024-09-27 11:33:34,0.7590361445783133,0.12048192771084337
1521,大億,汽車,82,82,68,2015-05-05 20:54:51,2024-11-01 23:40:35,0.7560975609756098,0.3780487804878049
1608,華榮,電器電纜,80,80,47,2015-07-20 16:06:39,2024-08-07 14:48:12,0.6625,0.075
1731,美吾華,生技,78,78,57,2015-06-17 13:20:04,2025-01-06 11:09:34,0.7435897435897436,0.20512820512820512
1762,中化生,生技,78,78,52,2015-05-14 15:55:35,2024-07-30 10:47:04,0.6410256410256411,0.11538461538461539
3010,華立,電子通路,76,76,54,2016-03-23 22:23:15,2025-01-08 22:57:25,0.7105263157894737,0.14473684210526316
1533,車王電,汽車,76,76,48,2015-05-14 15:55:35,2023-12-05 12:39:21,0.5657894736842105,0.11842105263157894
6112,邁達特,資訊服務,75,75,48,2015-04-27 16:57:02,2025-01-13 23:08:19,0.6666666666666666,0.21333333333333335
8464,億豐,居家生活,73,73,66,2015-10-05 08:33:50,2024-10-20 13:23:38,0.589041095890411,0.2465753424657534
1103,嘉泥,水泥,70,70,52,2016-06-10 14:38:54,2025-01-07 10:57:24,0.6,0.24285714285714285
2062,橋椿,居家生活,70,70,55,2015-05-07 18:09:30,2024-12-16 14:00:02,0.9,0.15714285714285714
1307,三芳,塑膠,70,70,53,2015-04-27 20:29:51,2025-01-23 23:15:14,0.8,0.2857142857142857
3055,蔚華科,電子通路,70,70,44,2015-05-13 18:15:29,2025-01-15 10:59:41,0.7285714285714285,0.15714285714285714
1598,岱宇,運動休閒,67,67,48,2016-11-03 16:40:59,2024-05-02 14:00:23,0.7910447761194029,0.31343283582089554
1906,寶隆,造紙,66,66,45,2015-05-08 22:53:05,2024-10-07 14:12:34,0.7878787878787878,0.015151515151515152
2426,鼎元,光電,65,65,45,2015-05-10 13:16:53,2024-12-06 22:25:42,0.5846153846153846,0.1076923076923077
1432,大魯閣,運動休閒,64,64,43,2015-05-12 21:37:47,2025-01-14 22:58:33,1.0,0.140625
1903,士紙,造紙,63,63,50,2015-06-28 01:14:33,2024-11-11 14:14:51,0.6984126984126984,0.09523809523809523
1582,信錦,電子零組件,63,63,52,2015-06-08 20:44:01,2024-09-27 10:41:47,0.8095238095238095,0.15873015873015872
2453,凌群,資訊服務,63,63,49,2015-06-10 17:05:01,2024-12-11 23:30:46,0.7777777777777778,0.09523809523809523
1736,喬山,運動休閒,60,60,47,2015-05-12 16:49:47,2024-11-29 09:00:13,1.0,0.15
1220,台榮,食品,60,60,34,2016-06-09 20:56:34,2024-12-20 23:25:43,0.9,0.06666666666666667
1413,宏洲,紡織,59,59,47,2015-06-17 11:42:30,2025-01-11 21:24:01,0.9322033898305084,0.01694915254237288
5306,桂盟,運動休閒,59,59,49,2015-05-12 21:37:47,2024-08-05 19:18:51,0.7627118644067796,0.11864406779661017
1219,福壽,食品,59,59,41,2015-06-03 13:32:53,2024-12-19 22:57:44,0.7457627118644068,0.06779661016949153
1783,和康生,生技,57,57,36,2015-05-29 21:13:51,2024-06-06 12:41:49,0.631578947368421,0.14035087719298245
1110,東泥,水泥,57,57,42,2015-05-13 06:36:04,2024-09-27 11:27:53,0.9122807017543859,0.10526315789473684
1786,科妍,生技,55,55,36,2015-09-30 17:24:41,2024-12-09 21:30:29,0.6909090909090909,0.07272727272727272
5203,訊連,資訊服務,55,55,51,2015-04-29 20:20:43,2024-07-22 10:38:54,0.6727272727272727,0.16363636363636364
2705,六福,觀光餐旅,55,55,38,2015-05-20 14:00:02,2024-09-28 07:22:20,1.0,0.10909090909090909
6873,泓德能源,綠能環保,55,55,36,2022-03-03 12:32:59,2024-12-29 21:39:09,0.5818181818181818,0.07272727272727272
3028,增你強,電子通路,54,54,42,2015-06-10 17:25:51,2024-12-26 17:47:53,0.5370370370370371,0.3148148148148148
1612,宏泰,電器電纜,54,54,43,2015-12-08 16:07:58,2024-08-07 14:48:12,0.6296296296296297,0.1111111111111111
1109,信大,水泥,52,52,40,2015-11-09 03:52:45,2024-09-23 11:38:20,1.0,0.09615384615384616
6670,復盛應用,運動休閒,51,51,46,2018-12-23 16:51:12,2025-01-01 01:26:39,0.6862745098039216,0.23529411764705882
9911,櫻花,居家生活,49,49,44,2015-04-30 17:52:42,2024-06-19 13:06:50,1.0,0.20408163265306123
6768,志強-KY,運動休閒,47,47,38,2016-09-19 18:12:56,2025-01-22 14:00:04,0.3617021276595745,0.19148936170212766
2722,夏都,觀光餐旅,47,47,33,2015-06-18 23:19:34,2025-01-17 14:00:02,0.5106382978723404,0.14893617021276595
2373,震旦行,其他電子,46,46,36,2015-05-05 20:54:51,2024-05-28 20:22:44,0.5869565217391305,0.3695652173913043
1604,聲寶,電器電纜,46,46,36,2015-05-11 15:35:21,2024-09-25 16:12:04,0.6304347826086957,0.13043478260869565
1338,廣華-KY,汽車,46,46,35,2015-05-22 22:29:34,2024-03-31 04:02:25,0.8478260869565217,0.08695652173913043
1714,和桐,化學,46,46,37,2015-05-11 16:12:24,2024-05-08 20:32:31,0.8260869565217391,0.13043478260869565
2101,南港,橡膠,45,45,40,2015-08-13 23:12:03,2024-11-29 11:19:03,1.0,0.044444444444444446
2702,華園,觀光餐旅,45,45,32,2015-07-25 12:34:29,2024-08-19 20:36:02,0.5555555555555556,0.1111111111111111
1525,江申,汽車,44,44,40,2015-05-06 15:57:00,2023-08-31 22:10:20,0.6590909090909091,0.18181818181818182
1713,國化,化學,43,43,39,2015-07-08 08:41:36,2025-01-11 21:24:01,0.37209302325581395,0.16279069767441862
1611,中電,電器電纜,43,43,27,2015-10-30 16:14:23,2024-06-25 12:21:26,1.0,0.18604651162790697
2427,三商電,資訊服務,43,43,36,2015-06-09 16:20:58,2024-11-14 22:55:25,0.6976744186046512,0.06976744186046512
2008,高興昌,鋼鐵,43,43,33,2015-05-29 21:13:51,2024-09-04 00:32:32,0.5813953488372093,0.13953488372093023
9934,成霖,居家生活,43,43,39,2016-07-20 17:34:28,2024-12-27 17:54:55,0.7674418604651163,0.18604651162790697
2430,燦坤,電子通路,42,42,37,2015-10-15 20:27:36,2024-09-07 01:00:57,1.0,0.14285714285714285
2913,農林,貿易百貨,42,42,35,2015-05-28 09:21:09,2025-01-21 13:39:52,1.0,0.16666666666666666
1417,嘉裕,紡織,41,41,36,2015-05-14 15:49:18,2024-03-26 23:49:12,0.8292682926829268,0.14634146341463414
1709,和益,化學,41,41,31,2016-06-27 23:13:22,2024-09-24 16:09:33,0.7317073170731707,0.24390243902439024
1526,日馳,電機機械,41,41,29,2015-11-05 16:30:49,2024-12-11 14:00:03,0.5365853658536586,0.12195121951219512
4994,傳奇,資訊服務,40,40,36,2015-05-06 16:21:00,2024-10-21 09:13:38,1.0,0.1
2905,三商,貿易百貨,40,40,35,2015-07-10 06:04:03,2024-11-14 22:55:25,1.0,0.025
1616,億泰,電器電纜,40,40,33,2015-05-14 15:55:35,2024-11-21 22:22:04,0.425,0.075
2906,高林,貿易百貨,39,39,28,2015-07-01 21:59:40,2024-11-14 14:00:02,0.6153846153846154,0.10256410256410256
2438,翔耀,光電,39,39,27,2015-06-04 21:03:13,2024-12-23 17:54:57,0.6923076923076923,0.15384615384615385
6790,永豐實,造紙,39,39,32,2015-06-09 08:30:02,2024-11-09 00:56:06,0.7435897435897436,0.05128205128205128
2414,精技,電子通路,39,39,30,2015-12-14 16:47:18,2024-06-11 09:09:52,0.4358974358974359,0.28205128205128205
1506,正道,電機機械,37,37,27,2017-07-12 10:04:57,2024-11-19 23:19:32,1.0,0.10810810810810811
2010,春源,鋼鐵,37,37,25,2015-06-27 09:38:17,2024-11-07 10:41:26,1.0,0.10810810810810811
2816,旺旺保,金融,37,37,34,2016-01-09 19:50:20,2024-07-02 17:16:09,0.6216216216216216,0.35135135135135137
1203,味王,食品,36,36,24,2015-05-13 18:44:04,2024-12-03 23:56:25,1.0,0.08333333333333333
1339,昭輝,汽車,36,36,32,2015-09-29 18:46:29,2024-05-14 07:58:08,0.9166666666666666,0.16666666666666666
2704,國賓,觀光餐旅,35,35,31,2017-03-31 09:37:52,2024-05-23 11:49:13,1.0,0.2
2390,云辰,其他電子,33,33,27,2015-05-08 22:53:05,2024-04-24 22:08:00,1.0,0.06060606060606061
6890,來億-KY,運動休閒,33,33,24,2016-12-13 08:30:02,2025-01-14 14:00:02,0.6666666666666666,0.15151515151515152
1817,凱撒衛,玻璃,33,33,30,2015-05-17 04:15:59,2024-05-19 22:15:35,0.8181818181818182,0.30303030303030304
2107,厚生,橡膠,32,32,28,2015-04-28 20:59:46,2024-12-24 15:46:48,0.625,0.21875
1512,瑞利,汽車,31,31,28,2015-05-29 21:13:51,2024-09-12 13:47:47,0.6451612903225806,0.03225806451612903
6165,浪凡,數位雲端,31,31,24,2015-09-07 09:55:59,2024-10-21 14:00:04,0.8387096774193549,0.12903225806451613
1108,幸福,水泥,30,30,20,2015-08-25 23:30:24,2024-11-08 22:57:48,1.0,0.03333333333333333
4536,拓凱,運動休閒,30,30,26,2015-05-08 22:53:05,2024-04-22 12:46:42,0.8333333333333334,0.06666666666666667
2908,特力,貿易百貨,30,30,29,2015-06-22 23:28:22,2024-08-02 23:52:01,1.0,0.06666666666666667
2012,春雨,鋼鐵,30,30,28,2016-06-29 20:40:04,2025-01-02 20:35:36,1.0,0.06666666666666667
3054,立萬利,電子通路,29,29,19,2015-08-04 20:57:45,2022-08-22 16:06:40,0.5172413793103449,0.10344827586206896
2072,世紀風電,綠能環保,29,29,26,2016-02-22 19:38:58,2024-12-07 16:14:08,0.3448275862068966,0.20689655172413793
1809,中釉,玻璃,29,29,20,2015-08-29 11:30:51,2024-11-22 14:00:03,0.6551724137931034,0.10344827586206896
2706,第一店,觀光餐旅,28,28,24,2015-08-21 17:08:37,2024-04-14 14:53:19,1.0,0.2857142857142857
2114,鑫永銓,橡膠,27,27,25,2015-05-05 08:30:02,2024-12-18 20:44:19,0.6296296296296297,0.2222222222222222
1733,五鼎,生技,27,27,24,2015-09-24 06:38:42,2024-12-10 13:30:41,0.8888888888888888,0.1111111111111111
6689,伊雲谷,數位雲端,26,26,22,2015-10-13 16:03:45,2025-01-03 22:26:17,0.4230769230769231,0.15384615384615385
2429,銘旺科,光電,26,26,19,2015-09-07 16:46:16,2025-01-21 20:53:40,0.6923076923076923,0.07692307692307693
1517,利奇,電機機械,26,26,22,2015-05-14 15:49:18,2024-08-05 19:18:51,1.0,0.11538461538461539
2911,麗嬰房,貿易百貨,25,25,21,2015-08-13 20:55:34,2023-04-12 10:03:46,1.0,0.04
2471,資通,資訊服務,25,25,22,2015-05-13 18:15:29,2024-12-13 22:15:37,1.0,0.12
2302,麗正,半導體,24,24,19,2015-07-16 08:30:03,2024-06-05 22:48:45,0.7083333333333334,0.16666666666666666
1615,大山,電器電纜,24,24,22,2015-06-27 09:38:17,2024-11-29 09:00:13,1.0,0.16666666666666666
1471,首利,電子零組件,23,23,20,2015-06-10 17:03:34,2024-04-24 22:08:00,1.0,0.08695652173913043
2109,華豐,橡膠,23,23,21,2015-05-02 13:36:18,2024-04-24 22:08:00,0.6956521739130435,0.08695652173913043
7722,LINEPAY,數位雲端,22,22,12,2024-01-18 18:35:39,2025-01-11 06:25:49,1.0,0.13636363636363635
1614,三洋電,電器電纜,22,22,17,2016-01-16 09:29:00,2024-05-13 13:38:16,0.5454545454545454,0.09090909090909091
1806,冠軍,玻璃,21,21,15,2017-02-02 10:19:54,2024-11-24 23:16:27,1.0,0.14285714285714285
1410,南染,紡織,20,20,19,2015-05-01 21:33:50,2024-11-14 16:00:48,0.65,0.3
2466,冠西電,光電,20,20,14,2015-12-21 17:08:01,2025-01-15 14:00:02,0.5,0.1
6581,鋼聯,綠能環保,20,20,17,2016-09-10 01:50:06,2024-10-07 14:00:04,0.7,0.4
6671,三能-KY,居家生活,20,20,19,2018-12-07 01:14:00,2024-05-10 17:14:54,0.7,0.15
2712,遠雄來,觀光餐旅,19,19,17,2015-05-08 17:55:13,2023-04-13 18:12:09,0.47368421052631576,0.15789473684210525
3130,一零四,數位雲端,19,19,17,2015-04-30 16:44:26,2025-01-22 23:29:36,1.0,0.3684210526315789
6183,關貿,資訊服務,19,19,15,2015-08-15 18:07:25,2024-04-17 21:07:14,0.8421052631578947,0.15789473684210525
6902,GOGOLOOK,數位雲端,19,19,17,2016-12-08 08:30:02,2024-12-27 09:48:59,1.0,0.10526315789473684
9918,欣天然,油電燃氣,19,19,16,2015-07-23 16:33:18,2024-04-14 17:04:55,0.5263157894736842,0.2631578947368421
9926,新海,油電燃氣,18,18,18,2015-07-23 16:33:18,2024-10-08 09:50:25,0.6111111111111112,0.1111111111111111
2468,華經,資訊服務,18,18,16,2018-06-27 18:16:56,2024-12-13 22:15:37,1.0,0.1111111111111111
1414,東和,紡織,17,17,15,2015-05-11 15:35:21,2023-02-01 21:20:28,1.0,0.11764705882352941
2433,互盛電,其他電子,16,16,14,2015-05-05 20:54:51,2024-11-22 19:18:56,0.5625,0.0625
2762,世界健身-KY,運動休閒,14,14,9,2023-08-28 21:13:34,2024-10-10 09:51:22,1.0,0.07142857142857142
2701,萬企,觀光餐旅,13,13,12,2015-07-25 12:34:29,2024-05-22 18:35:49,0.3076923076923077,0.6153846153846154
6807,峰源-KY,居家生活,12,12,11,2015-06-26 08:30:03,2024-10-09 14:00:05,0.5833333333333334,0.0
1419,新紡,紡織,12,12,11,2015-09-22 19:45:20,2022-12-26 18:13:26,0.5,0.3333333333333333
9931,欣高,油電燃氣,10,10,10,2015-07-23 16:33:18,2021-09-29 07:58:23,0.7,0.2
2423,固緯,其他電子,10,10,9,2015-11-19 17:30:04,2024-04-30 13:29:57,1.0,0.2
9937,全國,油電燃氣,10,10,10,2015-08-21 16:15:38,2024-04-26 21:20:06,1.0,0.1
1423,利華,紡織,9,9,9,2016-05-27 22:45:08,2024-06-23 20:00:33,1.0,0.1111111111111111
6754,匯僑設計,居家生活,9,9,6,2021-08-25 15:29:52,2023-11-22 10:14:13,0.7777777777777778,0.2222222222222222
6944,兆聯實業,綠能環保,8,8,8,2020-02-05 23:25:46,2024-08-11 00:20:02,0.75,0.25
2910,統領,貿易百貨,8,8,8,2015-09-14 02:05:25,2021-04-28 15:27:07,1.0,0.25
1418,東華,紡織,8,8,7,2015-08-18 10:39:36,2024-03-08 17:00:22,1.0,0.25
7765,中華資安,數位雲端,7,7,7,2020-08-10 11:43:19,2024-06-12 18:34:50,0.0,0.14285714285714285
6906,現觀科,數位雲端,7,7,6,2019-01-07 10:41:01,2024-11-14 18:06:44,0.2857142857142857,0.14285714285714285
6641,基士德-KY,綠能環保,6,6,6,2021-03-11 12:15:47,2023-12-18 15:52:30,0.16666666666666666,0.3333333333333333
6614,資拓宏宇,數位雲端,6,6,6,2020-06-23 20:39:54,2024-02-21 10:57:06,0.0,0.3333333333333333
5292,華懋,綠能環保,6,6,5,2023-11-07 13:07:04,2024-10-07 16:40:00,1.0,0.16666666666666666
8482,商億-KY,居家生活,6,6,6,2016-11-12 03:41:41,2024-12-16 14:00:02,0.3333333333333333,0.16666666666666666
6923,中台,綠能環保,5,5,4,2023-03-30 11:02:37,2024-09-11 21:29:38,1.0,0.0
7721,微程式,數位雲端,5,5,5,2015-08-05 10:52:40,2024-11-19 23:43:51,0.4,0.0
6965,中傑-KY,運動休閒,3,3,3,2016-05-14 13:37:15,2024-08-27 19:33:13,0.3333333333333333,0.3333333333333333
6887,寶綠特-KY,綠能環保,0,0,0,,,,
