stratum,ticker,article_id,timestamp,category,match_mode,effort,sparsity_tier,human_verdict,human_note
tier:dense,2330,M.1629352501.A.ED3,2021-08-19 13:55:01,標的,code,high_effort,dense,,
tier:dense,2330,M.1730247575.A.56C,2024-10-30 08:19:35,新聞,code,low_effort,dense,,
tier:dense,2327,M.1582836805.A.6B3,2020-02-28 04:53:25,其他,name_with_context,unclassified,dense,,
tier:dense,2409,M.1660639544.A.566,2022-08-16 16:45:44,新聞,name_with_context,low_effort,dense,,
tier:dense,2330,M.1721781358.A.00A,2024-07-24 08:35:58,新聞,name,low_effort,dense,,
tier:dense,1301,M.1631716287.A.2B2,2021-09-15 22:31:27,情報,code,low_effort,dense,,
tier:dense,2330,M.1649562462.A.038,2022-04-10 11:47:42,新聞,name,low_effort,dense,,
tier:dense,1603,M.1441585082.A.655,2015-09-07 08:18:02,標的,name_with_context,high_effort,dense,,
tier:dense,2330,M.1706196981.A.0E5,2024-01-25 23:36:21,新聞,name,low_effort,dense,,
tier:dense,2317,M.1517870974.A.788,2018-02-06 06:49:34,新聞,code,low_effort,dense,,
tier:dense,2303,M.1706857083.A.827,2024-02-02 14:58:03,情報,code,low_effort,dense,,
tier:dense,2330,M.1698407737.A.520,2023-10-27 19:55:37,新聞,name,low_effort,dense,,
tier:dense,1216,M.1650891788.A.DA9,2022-04-25 21:03:08,情報,code,low_effort,dense,,
tier:dense,2002,M.1608621516.A.518,2020-12-22 15:18:36,心得,name_with_context,mid_effort,dense,,
tier:dense,2330,M.1711386524.A.0F5,2024-03-26 01:08:44,新聞,name,low_effort,dense,,
tier:dense,2330,M.1623135209.A.763,2021-06-08 14:53:29,情報,code,low_effort,dense,,
tier:dense,2330,M.1667216878.A.619,2022-10-31 19:47:58,新聞,name,low_effort,dense,,
tier:dense,1603,M.1680144334.A.408,2023-03-30 10:45:34,請益,name_with_context,mid_effort,dense,,
tier:dense,1216,M.1724294830.A.3EC,2024-08-22 10:47:10,新聞,name_with_context,low_effort,dense,,
tier:dense,2330,M.1722822626.A.073,2024-08-05 09:50:26,請益,code,mid_effort,dense,,
tier:dense,2330,M.1586509927.A.317,2020-04-10 17:12:07,新聞,code,low_effort,dense,,
tier:dense,2330,M.1666875497.A.D1B,2022-10-27 20:58:17,新聞,name,low_effort,dense,,
tier:dense,2330,M.1731592218.A.3DD,2024-11-14 21:50:18,情報,code,low_effort,dense,,
tier:dense,1216,M.1624031920.A.4C1,2021-06-18 23:58:40,情報,code,low_effort,dense,,
tier:dense,1216,M.1658028117.A.7E1,2022-07-17 11:21:57,標的,name_with_context,mid_effort,dense,,
tier:dense,1603,M.1665280657.A.0F7,2022-10-09 09:57:37,請益,name_with_context,mid_effort,dense,,
tier:dense,2337,M.1561356004.A.E13,2019-06-24 14:00:04,閒聊,name_with_context,low_effort,dense,,
tier:dense,2330,M.1519531545.A.864,2018-02-25 12:05:45,標的,name,high_effort,dense,,
tier:dense,2002,M.1661516263.A.5C4,2022-08-26 20:17:43,情報,code,low_effort,dense,,
tier:dense,2303,M.1731658643.A.261,2024-11-15 16:17:23,情報,code,low_effort,dense,,
tier:dense,2409,M.1616753351.A.E8D,2021-03-26 18:09:11,其他,code,unclassified,dense,,
tier:dense,1101,M.1542286102.A.532,2018-11-15 20:48:22,其他,code,unclassified,dense,,
tier:dense,1301,M.1646907510.A.76B,2022-03-10 18:18:30,新聞,code,low_effort,dense,,
tier:dense,2327,M.1624267805.A.ABF,2021-06-21 17:30:05,情報,code,low_effort,dense,,
tier:dense,2330,M.1443071983.A.CEC,2015-09-24 13:19:43,新聞,code,low_effort,dense,,
tier:dense,2605,M.1735199902.A.0CD,2024-12-26 15:58:22,請益,name_with_context,mid_effort,dense,,
tier:dense,2330,M.1708671608.A.F71,2024-02-23 15:00:08,情報,code,low_effort,dense,,
tier:dense,2327,M.1546608510.A.914,2019-01-04 21:28:30,其他,code,unclassified,dense,,
tier:dense,2330,M.1702386552.A.26B,2023-12-12 21:09:12,新聞,name,low_effort,dense,,
tier:dense,2308,M.1708966439.A.888,2024-02-27 00:53:59,新聞,name,low_effort,dense,,
tier:dense,2330,M.1626869195.A.9A4,2021-07-21 20:06:35,心得,name,mid_effort,dense,,
tier:dense,2317,M.1462860881.A.0C8,2016-05-10 14:14:41,新聞,code,low_effort,dense,,
tier:dense,2317,M.1445502980.A.D75,2015-10-22 16:36:20,新聞,code,low_effort,dense,,
tier:dense,2303,M.1577935621.A.19B,2020-01-02 11:27:01,新聞,name_with_context,low_effort,dense,,
tier:dense,2327,M.1545388155.A.E73,2018-12-21 18:29:15,標的,code,high_effort,dense,,
tier:dense,1216,M.1722326677.A.610,2024-07-30 16:04:37,情報,code,low_effort,dense,,
tier:dense,2317,M.1730819285.A.C86,2024-11-05 23:08:05,情報,code,low_effort,dense,,
tier:dense,2409,M.1528983564.A.E7F,2018-06-14 21:39:24,其他,code,unclassified,dense,,
tier:dense,2330,M.1633572418.A.C00,2021-10-07 10:06:58,標的,code,high_effort,dense,,
tier:dense,2409,M.1627876985.A.AC0,2021-08-02 12:03:05,新聞,code,low_effort,dense,,
tier:silent,9918,M.1547125344.A.168,2019-01-10 21:02:24,其他,code,unclassified,silent,,
tier:silent,2359,M.1723168186.A.A27,2024-08-09 09:49:46,標的,name,high_effort,silent,,
tier:silent,2427,M.1720425929.A.EA6,2024-07-08 16:05:29,情報,code,low_effort,silent,,
tier:silent,8482,M.1613571920.A.289,2021-02-17 22:25:20,新聞,name_with_context,low_effort,silent,,
tier:silent,3130,M.1601829188.A.1D8,2020-10-05 00:33:08,其他,code,unclassified,silent,,
tier:silent,6641,M.1601826588.A.B4D,2020-10-04 23:49:48,其他,code,unclassified,silent,,
tier:silent,2433,M.1523178018.A.E05,2018-04-08 17:00:18,標的,code,high_effort,silent,,
tier:silent,2010,M.1665042200.A.482,2022-10-06 15:43:20,情報,code,low_effort,silent,,
tier:silent,1611,M.1635332355.A.917,2021-10-27 18:59:15,情報,code,low_effort,silent,,
tier:silent,6581,M.1593620452.A.E22,2020-07-02 00:20:52,心得,code,mid_effort,silent,,
tier:silent,1413,M.1662625289.A.A11,2022-09-08 16:21:29,情報,code,low_effort,silent,,
tier:silent,1414,M.1622796345.A.319,2021-06-04 16:45:45,情報,code,low_effort,silent,,
tier:silent,2433,M.1616203735.A.F78,2021-03-20 09:28:55,其他,code,unclassified,silent,,
tier:silent,1506,M.1526387881.A.262,2018-05-15 20:38:01,其他,code,unclassified,silent,,
tier:silent,1423,M.1514134490.A.EDB,2017-12-25 00:54:50,標的,code,high_effort,silent,,
tier:silent,6165,M.1601112291.A.CFD,2020-09-26 17:24:51,其他,code,unclassified,silent,,
tier:silent,4536,M.1661757233.A.8F2,2022-08-29 15:13:53,情報,code,low_effort,silent,,
tier:silent,2453,M.1527524535.A.8D6,2018-05-29 00:22:15,標的,code,high_effort,silent,,
tier:silent,1413,M.1558226600.A.B97,2019-05-19 08:43:20,標的,code,high_effort,silent,,
tier:silent,2414,M.1557500576.A.DA5,2019-05-10 23:02:56,其他,code,unclassified,silent,,
tier:silent,6112,M.1521999749.A.2FC,2018-03-26 01:42:29,標的,code,high_effort,silent,,
tier:silent,3130,M.1545466507.A.061,2018-12-22 16:15:07,其他,code,unclassified,silent,,
tier:silent,9926,M.1527524535.A.8D6,2018-05-29 00:22:15,標的,code,high_effort,silent,,
tier:silent,2302,M.1628841927.A.C43,2021-08-13 16:05:27,情報,code,low_effort,silent,,
tier:silent,1506,M.1548078679.A.E0C,2019-01-21 21:51:19,其他,code,unclassified,silent,,
tier:silent,4536,M.1666940200.A.0BA,2022-10-28 14:56:40,情報,code,low_effort,silent,,
tier:silent,2466,M.1546865380.A.B19,2019-01-07 20:49:40,其他,code,unclassified,silent,,
tier:silent,1414,M.1544604601.A.558,2018-12-12 16:50:01,其他,code,unclassified,silent,,
tier:silent,2712,M.1545738994.A.098,2018-12-25 19:56:34,其他,code,unclassified,silent,,
tier:silent,2453,M.1523178018.A.E05,2018-04-08 17:00:18,標的,code,high_effort,silent,,
tier:silent,2359,M.1677832628.A.044,2023-03-03 16:37:08,情報,code,low_effort,silent,,
tier:silent,2722,M.1512806828.A.076,2017-12-09 16:07:08,標的,code,high_effort,silent,,
tier:silent,2114,M.1544541694.A.FE1,2018-12-11 23:21:34,其他,code,unclassified,silent,,
tier:silent,2702,M.1525696585.A.4D5,2018-05-07 20:36:25,其他,code,unclassified,silent,,
tier:silent,1419,M.1544163610.A.57D,2018-12-07 14:20:10,其他,code,unclassified,silent,,
tier:silent,6581,M.1546865380.A.B19,2019-01-07 20:49:40,其他,code,unclassified,silent,,
tier:silent,1338,M.1566391574.A.0D3,2019-08-21 20:46:14,其他,code,unclassified,silent,,
tier:silent,1721,M.1635527335.A.9E3,2021-10-30 01:08:55,情報,code,low_effort,silent,,
tier:silent,6165,M.1599838558.A.AFE,2020-09-11 23:35:58,標的,code,high_effort,silent,,
tier:silent,2414,M.1512806828.A.076,2017-12-09 16:07:08,標的,code,high_effort,silent,,
tier:silent,9934,M.1616943500.A.C3D,2021-03-28 22:58:20,標的,name_with_context,mid_effort,silent,,
tier:silent,6671,M.1700325807.A.B7D,2023-11-19 00:43:27,標的,code,high_effort,silent,,
tier:silent,1413,M.1543991519.A.537,2018-12-05 14:31:59,其他,code,unclassified,silent,,
tier:silent,1615,M.1711952920.A.DC4,2024-04-01 14:28:40,新聞,code,low_effort,silent,,
tier:silent,1783,M.1672042238.A.472,2022-12-26 16:10:38,情報,code,low_effort,silent,,
tier:silent,9926,M.1545738994.A.098,2018-12-25 19:56:34,其他,code,unclassified,silent,,
tier:silent,2107,M.1547557952.A.B86,2019-01-15 21:12:32,其他,code,unclassified,silent,,
tier:silent,9924,M.1466436255.A.1C8,2016-06-20 23:24:15,其他,code,unclassified,silent,,
tier:silent,1809,M.1684916068.A.3FB,2023-05-24 16:14:28,情報,code,low_effort,silent,,
tier:silent,1338,M.1525221717.A.CAA,2018-05-02 08:41:57,標的,code,mid_effort,silent,,
tier:sparse,1102,M.1679555833.A.FEC,2023-03-23 15:17:13,情報,code,low_effort,sparse,,
tier:sparse,2908,M.1513443556.A.B0E,2017-12-17 00:59:16,標的,code,high_effort,sparse,,
tier:sparse,2404,M.1714387477.A.B0E,2024-04-29 18:44:37,新聞,name_with_context,low_effort,sparse,,
tier:sparse,2603,M.1470894877.A.9E0,2016-08-11 13:54:37,新聞,code,low_effort,sparse,,
tier:sparse,2059,M.1730298360.A.07F,2024-10-30 22:26:00,情報,code,low_effort,sparse,,
tier:sparse,1512,M.1659427531.A.C58,2022-08-02 16:05:31,新聞,code,low_effort,sparse,,
tier:sparse,1303,M.1649170775.A.A98,2022-04-05 22:59:35,請益,code,mid_effort,sparse,,
tier:sparse,2606,M.1705906278.A.2A0,2024-01-22 14:51:18,情報,code,low_effort,sparse,,
tier:sparse,1303,M.1682583180.A.D00,2023-04-27 16:13:00,情報,code,low_effort,sparse,,
tier:sparse,1712,M.1557542598.A.88D,2019-05-11 10:43:18,標的,code,high_effort,sparse,,
tier:sparse,1519,M.1706688414.A.A04,2024-01-31 16:06:54,情報,code,low_effort,sparse,,
tier:sparse,2393,M.1718800962.A.11B,2024-06-19 20:42:42,新聞,name_with_context,low_effort,sparse,,
tier:sparse,2344,M.1627547449.A.AD9,2021-07-29 16:30:49,情報,code,low_effort,sparse,,
tier:sparse,2609,M.1628498528.A.BBF,2021-08-09 16:42:08,新聞,name_with_context,low_effort,sparse,,
tier:sparse,1102,M.1558444296.A.AAE,2019-05-21 21:11:36,其他,code,unclassified,sparse,,
tier:sparse,2014,M.1457449972.A.CDE,2016-03-08 23:12:52,其他,code,unclassified,sparse,,
tier:sparse,2014,M.1544688504.A.F07,2018-12-13 16:08:24,其他,code,unclassified,sparse,,
tier:sparse,2609,M.1626790437.A.AC4,2021-07-20 22:13:57,請益,name_with_context,mid_effort,sparse,,
tier:sparse,2609,M.1608798526.A.D23,2020-12-24 16:28:46,請益,name_with_context,mid_effort,sparse,,
tier:sparse,2845,M.1694165341.A.F60,2023-09-08 17:29:01,情報,code,low_effort,sparse,,
tier:sparse,2845,M.1729865759.A.138,2024-10-25 22:15:59,新聞,code,low_effort,sparse,,
tier:sparse,1609,M.1686902940.A.5B1,2023-06-16 16:09:00,情報,code,low_effort,sparse,,
tier:sparse,3010,M.1555040328.A.840,2019-04-12 11:38:48,心得,code,mid_effort,sparse,,
tier:sparse,1907,M.1673939767.A.772,2023-01-17 15:16:07,情報,code,low_effort,sparse,,
tier:sparse,2313,M.1570020805.A.B03,2019-10-02 20:53:25,其他,code,unclassified,sparse,,
tier:sparse,2915,M.1692083562.A.CF5,2023-08-15 15:12:42,情報,code,low_effort,sparse,,
tier:sparse,1905,M.1434986902.A.EE6,2015-06-22 23:28:22,其他,code,unclassified,sparse,,
tier:sparse,2610,M.1653042583.A.D88,2022-05-20 18:29:43,情報,code,low_effort,sparse,,
tier:sparse,1504,M.1685347846.A.D2E,2023-05-29 16:10:46,情報,code,low_effort,sparse,,
tier:sparse,2351,M.1633416308.A.1BD,2021-10-05 14:45:08,情報,code,low_effort,sparse,,
tier:sparse,2609,M.1625669172.A.A99,2021-07-07 22:46:12,請益,name_with_context,mid_effort,sparse,,
tier:sparse,2801,M.1430313726.A.C4F,2015-04-29 21:22:06,其他,code,unclassified,sparse,,
tier:sparse,2329,M.1623918252.A.ACD,2021-06-17 16:24:12,情報,code,low_effort,sparse,,
tier:sparse,2845,M.1670832692.A.D88,2022-12-12 16:11:32,情報,code,low_effort,sparse,,
tier:sparse,2609,M.1627366665.A.372,2021-07-27 14:17:45,新聞,code,low_effort,sparse,,
tier:sparse,1219,M.1521399873.A.439,2018-03-19 03:04:33,標的,code,high_effort,sparse,,
tier:sparse,2845,M.1693210089.A.78B,2023-08-28 16:08:09,情報,code,low_effort,sparse,,
tier:sparse,2338,M.1644562834.A.1A0,2022-02-11 15:00:34,情報,code,low_effort,sparse,,
tier:sparse,1536,M.1622084819.A.96C,2021-05-27 11:06:59,標的,name_with_context,mid_effort,sparse,,
tier:sparse,2609,M.1624860002.A.7E7,2021-06-28 14:00:02,閒聊,name_with_context,low_effort,sparse,,
tier:sparse,1712,M.1659427632.A.21C,2022-08-02 16:07:12,情報,code,low_effort,sparse,,
tier:sparse,2838,M.1564890826.A.850,2019-08-04 11:53:46,新聞,name,low_effort,sparse,,
tier:sparse,5203,M.1523781445.A.CE4,2018-04-15 16:37:25,標的,code,high_effort,sparse,,
tier:sparse,1504,M.1571835621.A.AB8,2019-10-23 21:00:21,其他,code,unclassified,sparse,,
tier:sparse,2344,M.1697090402.A.5FE,2023-10-12 14:00:02,閒聊,name,low_effort,sparse,,
tier:sparse,2610,M.1431961803.A.0D7,2015-05-18 23:10:03,標的,name_with_context,mid_effort,sparse,,
tier:sparse,2610,M.1731481417.A.17E,2024-11-13 15:03:37,情報,code,low_effort,sparse,,
tier:sparse,2313,M.1678863408.A.89A,2023-03-15 14:56:48,情報,code,low_effort,sparse,,
tier:sparse,2603,M.1639049232.A.D6B,2021-12-09 19:27:12,情報,code,low_effort,sparse,,
tier:sparse,1605,M.1672383899.A.13F,2022-12-30 15:04:59,情報,code,low_effort,sparse,,
collision:1216,1216,M.1571637574.A.D76,2019-10-21 13:59:34,請益,name_with_context,mid_effort,dense,,
collision:1216,1216,M.1547734863.A.181,2019-01-17 22:21:03,其他,code,unclassified,dense,,
collision:1216,1216,M.1564677217.A.285,2019-08-02 00:33:37,標的,code,high_effort,dense,,
collision:1216,1216,M.1693888299.A.2BD,2023-09-05 12:31:39,新聞,code,low_effort,dense,,
collision:1216,1216,M.1521272704.A.20E,2018-03-17 15:45:04,新聞,name_with_context,low_effort,dense,,
collision:1216,1216,M.1716890199.A.08E,2024-05-28 17:56:39,情報,code,low_effort,dense,,
collision:1216,1216,M.1510918511.A.A6B,2017-11-17 19:35:11,其他,code,unclassified,dense,,
collision:1216,1216,M.1713846535.A.6C6,2024-04-23 12:28:55,新聞,name_with_context,low_effort,dense,,
collision:1216,1216,M.1587473145.A.DC3,2020-04-21 20:45:45,其他,code,unclassified,dense,,
collision:1216,1216,M.1547125625.A.7F3,2019-01-10 21:07:05,其他,code,unclassified,dense,,
collision:1216,1216,M.1432046950.A.0C6,2015-05-19 22:49:10,其他,code,unclassified,dense,,
collision:1216,1216,M.1669623126.A.D1A,2022-11-28 16:12:06,情報,code,low_effort,dense,,
collision:1216,1216,M.1720162504.A.697,2024-07-05 14:55:04,情報,code,low_effort,dense,,
collision:1216,1216,M.1711632675.A.7EC,2024-03-28 21:31:15,情報,name_with_context,low_effort,dense,,
collision:1216,1216,M.1701413671.A.FE1,2023-12-01 14:54:31,情報,code,low_effort,dense,,
collision:1216,1216,M.1601029592.A.323,2020-09-25 18:26:32,其他,code,unclassified,dense,,
collision:1216,1216,M.1702282043.A.D49,2023-12-11 16:07:23,未分類,code,unclassified,dense,,
collision:1216,1216,M.1672628191.A.E31,2023-01-02 10:56:31,新聞,name_with_context,low_effort,dense,,
collision:1216,1216,M.1700486746.A.5C7,2023-11-20 21:25:46,標的,name_with_context,high_effort,dense,,
collision:1216,1216,M.1640265913.A.4AA,2021-12-23 21:25:13,請益,name_with_context,mid_effort,dense,,
collision:1301,1301,M.1543073314.A.85A,2018-11-24 23:28:34,新聞,name_with_context,low_effort,dense,,
collision:1301,1301,M.1600944760.A.1AE,2020-09-24 18:52:40,其他,code,unclassified,dense,,
collision:1301,1301,M.1535632013.A.B88,2018-08-30 20:26:53,新聞,name_with_context,low_effort,dense,,
collision:1301,1301,M.1671164936.A.662,2022-12-16 12:28:56,新聞,code,low_effort,dense,,
collision:1301,1301,M.1536134072.A.15B,2018-09-05 15:54:32,新聞,code,low_effort,dense,,
collision:1301,1301,M.1585212237.A.D17,2020-03-26 16:43:57,其他,code,unclassified,dense,,
collision:1301,1301,M.1554887213.A.50E,2019-04-10 17:06:53,新聞,code,low_effort,dense,,
collision:1301,1301,M.1704960818.A.B18,2024-01-11 16:13:38,情報,code,low_effort,dense,,
collision:1301,1301,M.1526044419.A.930,2018-05-11 21:13:39,其他,code,unclassified,dense,,
collision:1301,1301,M.1622747786.A.8A3,2021-06-04 03:16:26,新聞,name_with_context,low_effort,dense,,
collision:1301,1301,M.1670417593.A.A28,2022-12-07 20:53:13,情報,code,low_effort,dense,,
collision:1301,1301,M.1695715611.A.D0B,2023-09-26 16:06:51,情報,code,low_effort,dense,,
collision:1301,1301,M.1638173202.A.031,2021-11-29 16:06:42,情報,code,low_effort,dense,,
collision:1301,1301,M.1708341474.A.EF6,2024-02-19 19:17:54,新聞,name_with_context,low_effort,dense,,
collision:1301,1301,M.1566485843.A.78C,2019-08-22 22:57:23,其他,code,unclassified,dense,,
collision:1301,1301,M.1514526742.A.625,2017-12-29 13:52:22,新聞,name_with_context,low_effort,dense,,
collision:1301,1301,M.1433344585.A.363,2015-06-03 23:16:25,其他,code,unclassified,dense,,
collision:1301,1301,M.1547125625.A.7F3,2019-01-10 21:07:05,其他,code,unclassified,dense,,
collision:1301,1301,M.1529226824.A.3F9,2018-06-17 17:13:44,標的,code,high_effort,dense,,
collision:1301,1301,M.1712822739.A.7B0,2024-04-11 16:05:39,情報,code,low_effort,dense,,
collision:1304,1304,M.1626086525.A.7BA,2021-07-12 18:42:05,情報,code,low_effort,sparse,,
collision:1304,1304,M.1717661116.A.E71,2024-06-06 16:05:16,情報,code,low_effort,sparse,,
collision:1304,1304,M.1659423265.A.73B,2022-08-02 14:54:25,情報,code,low_effort,sparse,,
collision:1304,1304,M.1539951037.A.0FC,2018-10-19 20:10:37,新聞,code,low_effort,sparse,,
collision:1304,1304,M.1652084566.A.DE1,2022-05-09 16:22:46,情報,code,low_effort,sparse,,
collision:1304,1304,M.1635323177.A.1BC,2021-10-27 16:26:17,情報,code,low_effort,sparse,,
collision:1304,1304,M.1658134983.A.BB1,2022-07-18 17:03:03,情報,code,low_effort,sparse,,
collision:1304,1304,M.1543820171.A.EB0,2018-12-03 14:56:11,其他,code,unclassified,sparse,,
collision:1304,1304,M.1633575995.A.241,2021-10-07 11:06:35,新聞,code,low_effort,sparse,,
collision:1304,1304,M.1660552662.A.6DA,2022-08-15 16:37:42,情報,code,low_effort,sparse,,
collision:1304,1304,M.1671087603.A.321,2022-12-15 15:00:03,情報,code,low_effort,sparse,,
collision:1304,1304,M.1649401667.A.6F7,2022-04-08 15:07:47,情報,code,low_effort,sparse,,
collision:1304,1304,M.1727770292.A.F1D,2024-10-01 16:11:32,情報,code,low_effort,sparse,,
collision:1304,1304,M.1681805519.A.81A,2023-04-18 16:11:59,情報,code,low_effort,sparse,,
collision:1304,1304,M.1633330017.A.202,2021-10-04 14:46:57,情報,code,low_effort,sparse,,
collision:1304,1304,M.1650442495.A.1EE,2022-04-20 16:14:55,情報,code,low_effort,sparse,,
collision:1304,1304,M.1642665342.A.5F3,2022-01-20 15:55:42,情報,code,low_effort,sparse,,
collision:1304,1304,M.1576660146.A.D5C,2019-12-18 17:09:06,標的,code,mid_effort,sparse,,
collision:1304,1304,M.1553360336.A.656,2019-03-24 00:58:56,標的,code,high_effort,sparse,,
collision:1304,1304,M.1624955075.A.BA2,2021-06-29 16:24:35,情報,code,low_effort,sparse,,
collision:1414,1414,M.1512196986.A.8BF,2017-12-02 14:43:06,標的,code,high_effort,silent,,
collision:1414,1414,M.1455809337.A.0CD,2016-02-18 23:28:57,其他,code,unclassified,silent,,
collision:1414,1414,M.1546494454.A.E68,2019-01-03 13:47:34,其他,code,unclassified,silent,,
collision:1414,1414,M.1515312962.A.5A9,2018-01-07 16:16:02,標的,code,high_effort,silent,,
collision:1414,1414,M.1637568464.A.314,2021-11-22 16:07:44,情報,code,low_effort,silent,,
collision:1414,1414,M.1525221717.A.CAA,2018-05-02 08:41:57,標的,code,mid_effort,silent,,
collision:1414,1414,M.1545824123.A.D01,2018-12-26 19:35:23,其他,code,unclassified,silent,,
collision:1414,1414,M.1521999749.A.2FC,2018-03-26 01:42:29,標的,code,high_effort,silent,,
collision:1414,1414,M.1439817650.A.908,2015-08-17 21:20:50,新聞,code,low_effort,silent,,
collision:1414,1414,M.1547125344.A.168,2019-01-10 21:02:24,其他,code,unclassified,silent,,
collision:1414,1414,M.1574081594.A.B0C,2019-11-18 20:53:14,其他,code,unclassified,silent,,
collision:1414,1414,M.1492932914.A.798,2017-04-23 15:35:14,心得,code,mid_effort,silent,,
collision:1414,1414,M.1624984664.A.93D,2021-06-30 00:37:44,情報,code,low_effort,silent,,
collision:1414,1414,M.1543903613.A.E23,2018-12-04 14:06:53,其他,code,unclassified,silent,,
collision:1414,1414,M.1436833803.A.57F,2015-07-14 08:30:03,閒聊,code,low_effort,silent,,
collision:1414,1414,M.1520187267.A.A93,2018-03-05 02:14:27,標的,code,high_effort,silent,,
collision:1414,1414,M.1571230867.A.AFF,2019-10-16 21:01:07,其他,code,unclassified,silent,,
collision:1414,1414,M.1636747398.A.4A7,2021-11-13 04:03:18,情報,code,low_effort,silent,,
collision:1414,1414,M.1457450979.A.C49,2016-03-08 23:29:39,其他,code,unclassified,silent,,
collision:1414,1414,M.1545919522.A.507,2018-12-27 22:05:22,其他,code,unclassified,silent,,
collision:1605,1605,M.1432652648.A.FC1,2015-05-26 23:04:08,其他,code,unclassified,sparse,,
collision:1605,1605,M.1624978430.A.43E,2021-06-29 22:53:50,新聞,code,low_effort,sparse,,
collision:1605,1605,M.1528644082.A.563,2018-06-10 23:21:22,標的,name_with_context,mid_effort,sparse,,
collision:1605,1605,M.1722931705.A.42C,2024-08-06 16:08:25,情報,code,low_effort,sparse,,
collision:1605,1605,M.1539871010.A.ECE,2018-10-18 21:56:50,其他,code,unclassified,sparse,,
collision:1605,1605,M.1730275762.A.CF9,2024-10-30 16:09:22,情報,code,low_effort,sparse,,
collision:1605,1605,M.1533304539.A.695,2018-08-03 21:55:39,其他,code,unclassified,sparse,,
collision:1605,1605,M.1702282237.A.79B,2023-12-11 16:10:37,情報,code,low_effort,sparse,,
collision:1605,1605,M.1686039522.A.C22,2023-06-06 16:18:42,情報,code,low_effort,sparse,,
collision:1605,1605,M.1526044419.A.930,2018-05-11 21:13:39,其他,code,unclassified,sparse,,
collision:1605,1605,M.1737360221.A.4E2,2025-01-20 16:03:41,情報,code,low_effort,sparse,,
collision:1605,1605,M.1655198866.A.4CF,2022-06-14 17:27:46,情報,code,low_effort,sparse,,
collision:1605,1605,M.1700808866.A.76B,2023-11-24 14:54:26,情報,code,low_effort,sparse,,
collision:1605,1605,M.1723791207.A.DF3,2024-08-16 14:53:27,情報,code,low_effort,sparse,,
collision:1605,1605,M.1450083760.A.332,2015-12-14 17:02:40,標的,code,high_effort,sparse,,
collision:1605,1605,M.1675839867.A.67E,2023-02-08 15:04:27,情報,code,low_effort,sparse,,
collision:1605,1605,M.1585144851.A.444,2020-03-25 22:00:51,新聞,code,low_effort,sparse,,
collision:1605,1605,M.1653653949.A.EA3,2022-05-27 20:19:09,情報,code,low_effort,sparse,,
collision:1605,1605,M.1690964372.A.08C,2023-08-02 16:19:32,情報,code,low_effort,sparse,,
collision:1605,1605,M.1651056168.A.834,2022-04-27 18:42:48,情報,code,low_effort,sparse,,
collision:1762,1762,M.1683706334.A.0AD,2023-05-10 16:12:14,情報,code,low_effort,sparse,,
collision:1762,1762,M.1685689105.A.FCC,2023-06-02 14:58:25,情報,code,low_effort,sparse,,
collision:1762,1762,M.1588913451.A.E7A,2020-05-08 12:50:51,請益,name_with_context,mid_effort,sparse,,
collision:1762,1762,M.1670914737.A.1AA,2022-12-13 14:58:57,情報,code,low_effort,sparse,,
collision:1762,1762,M.1590764137.A.71F,2020-05-29 22:55:37,新聞,name_with_context,low_effort,sparse,,
collision:1762,1762,M.1630984093.A.8C7,2021-09-07 11:08:13,標的,code,high_effort,sparse,,
collision:1762,1762,M.1640683884.A.16F,2021-12-28 17:31:24,情報,code,low_effort,sparse,,
collision:1762,1762,M.1555040328.A.840,2019-04-12 11:38:48,心得,code,mid_effort,sparse,,
collision:1762,1762,M.1516435319.A.477,2018-01-20 16:01:59,標的,code,high_effort,sparse,,
collision:1762,1762,M.1574207092.A.2F3,2019-11-20 07:44:52,新聞,code,low_effort,sparse,,
collision:1762,1762,M.1638257303.A.0C0,2021-11-30 15:28:23,情報,code,low_effort,sparse,,
collision:1762,1762,M.1545047447.A.736,2018-12-17 19:50:47,其他,code,unclassified,sparse,,
collision:1762,1762,M.1648799677.A.BE4,2022-04-01 15:54:37,情報,code,low_effort,sparse,,
collision:1762,1762,M.1651733464.A.47A,2022-05-05 14:51:04,情報,code,low_effort,sparse,,
collision:1762,1762,M.1588895414.A.59A,2020-05-08 07:50:14,新聞,name_with_context,low_effort,sparse,,
collision:1762,1762,M.1583844284.A.D5F,2020-03-10 20:44:44,其他,code,unclassified,sparse,,
collision:1762,1762,M.1543991519.A.537,2018-12-05 14:31:59,其他,code,unclassified,sparse,,
collision:1762,1762,M.1650865820.A.196,2022-04-25 13:50:20,新聞,code,low_effort,sparse,,
collision:1762,1762,M.1649947062.A.E0D,2022-04-14 22:37:42,情報,code,low_effort,sparse,,
collision:1762,1762,M.1633241254.A.FDD,2021-10-03 14:07:34,新聞,name_with_context,low_effort,sparse,,
collision:1907,1907,M.1640281342.A.78D,2021-12-24 01:42:22,爆卦,code,low_effort,sparse,,
collision:1907,1907,M.1682065042.A.6D0,2023-04-21 16:17:22,情報,code,low_effort,sparse,,
collision:1907,1907,M.1557076887.A.4B3,2019-05-06 01:21:27,標的,code,high_effort,sparse,,
collision:1907,1907,M.1722570095.A.552,2024-08-02 11:41:35,公告,code,low_effort,sparse,,
collision:1907,1907,M.1734679375.A.495,2024-12-20 15:22:55,情報,code,low_effort,sparse,,
collision:1907,1907,M.1632989916.A.CEF,2021-09-30 16:18:36,情報,code,low_effort,sparse,,
collision:1907,1907,M.1606884832.A.8F6,2020-12-02 12:53:52,標的,code,high_effort,sparse,,
collision:1907,1907,M.1637217999.A.C00,2021-11-18 14:46:39,情報,code,low_effort,sparse,,
collision:1907,1907,M.1626839115.A.CB6,2021-07-21 11:45:15,情報,code,low_effort,sparse,,
collision:1907,1907,M.1685696701.A.748,2023-06-02 17:05:01,情報,code,low_effort,sparse,,
collision:1907,1907,M.1553823864.A.180,2019-03-29 09:44:24,新聞,code,low_effort,sparse,,
collision:1907,1907,M.1618383528.A.D64,2021-04-14 14:58:48,其他,name,unclassified,sparse,,
collision:1907,1907,M.1553269184.A.06C,2019-03-22 23:39:44,其他,code,unclassified,sparse,,
collision:1907,1907,M.1686813506.A.087,2023-06-15 15:18:26,情報,code,low_effort,sparse,,
collision:1907,1907,M.1521012529.A.6AC,2018-03-14 15:28:49,心得,code,mid_effort,sparse,,
collision:1907,1907,M.1690359177.A.121,2023-07-26 16:12:57,情報,code,low_effort,sparse,,
collision:1907,1907,M.1682039058.A.513,2023-04-21 09:04:18,新聞,name,low_effort,sparse,,
collision:1907,1907,M.1683187939.A.530,2023-05-04 16:12:19,情報,code,low_effort,sparse,,
collision:1907,1907,M.1629454998.A.05E,2021-08-20 18:23:18,情報,name,low_effort,sparse,,
collision:1907,1907,M.1702009600.A.13B,2023-12-08 12:26:40,新聞,name,low_effort,sparse,,
collision:2002,2002,M.1687162340.A.FEA,2023-06-19 16:12:20,情報,code,low_effort,dense,,
collision:2002,2002,M.1496476948.A.4C9,2017-06-03 16:02:28,新聞,name_with_context,low_effort,dense,,
collision:2002,2002,M.1571747874.A.EC1,2019-10-22 20:37:54,其他,code,unclassified,dense,,
collision:2002,2002,M.1610029118.A.DE3,2021-01-07 22:18:38,新聞,code,low_effort,dense,,
collision:2002,2002,M.1736837416.A.B45,2025-01-14 14:50:16,情報,code,low_effort,dense,,
collision:2002,2002,M.1623412488.A.AFA,2021-06-11 19:54:48,新聞,code,low_effort,dense,,
collision:2002,2002,M.1661930100.A.2C4,2022-08-31 15:15:00,情報,code,low_effort,dense,,
collision:2002,2002,M.1687163458.A.C48,2023-06-19 16:30:58,新聞,code,low_effort,dense,,
collision:2002,2002,M.1601347978.A.81A,2020-09-29 10:52:58,新聞,name_with_context,low_effort,dense,,
collision:2002,2002,M.1621498009.A.151,2021-05-20 16:06:49,情報,code,low_effort,dense,,
collision:2002,2002,M.1712632186.A.CCA,2024-04-09 11:09:46,新聞,code,low_effort,dense,,
collision:2002,2002,M.1637654943.A.D9B,2021-11-23 16:09:03,情報,code,low_effort,dense,,
collision:2002,2002,M.1678695520.A.FE4,2023-03-13 16:18:40,情報,code,low_effort,dense,,
collision:2002,2002,M.1714218308.A.8A5,2024-04-27 19:45:08,新聞,name_with_context,low_effort,dense,,
collision:2002,2002,M.1518480849.A.0A1,2018-02-13 08:14:09,新聞,name_with_context,low_effort,dense,,
collision:2002,2002,M.1500991349.A.24F,2017-07-25 22:02:29,其他,code,unclassified,dense,,
collision:2002,2002,M.1618308954.A.FC0,2021-04-13 18:15:54,其他,code,unclassified,dense,,
collision:2002,2002,M.1672054385.A.313,2022-12-26 19:33:05,情報,code,low_effort,dense,,
collision:2002,2002,M.1590477595.A.963,2020-05-26 15:19:55,請益,name_with_context,mid_effort,dense,,
collision:2002,2002,M.1615870026.A.B68,2021-03-16 12:47:06,新聞,name_with_context,low_effort,dense,,
collision:2006,2006,M.1713427471.A.B97,2024-04-18 16:04:31,情報,code,low_effort,sparse,,
collision:2006,2006,M.1654761799.A.B3C,2022-06-09 16:03:19,新聞,name,low_effort,sparse,,
collision:2006,2006,M.1654178565.A.C1B,2022-06-02 22:02:45,情報,code,low_effort,sparse,,
collision:2006,2006,M.1644390205.A.C19,2022-02-09 15:03:25,情報,code,low_effort,sparse,,
collision:2006,2006,M.1625213948.A.0BB,2021-07-02 16:19:08,情報,code,low_effort,sparse,,
collision:2006,2006,M.1672124027.A.871,2022-12-27 14:53:47,情報,code,low_effort,sparse,,
collision:2006,2006,M.1687763040.A.412,2023-06-26 15:04:00,情報,code,low_effort,sparse,,
collision:2006,2006,M.1599987392.A.765,2020-09-13 16:56:32,其他,code,unclassified,sparse,,
collision:2006,2006,M.1534067252.A.F17,2018-08-12 17:47:32,標的,name,high_effort,sparse,,
collision:2006,2006,M.1718347928.A.9DC,2024-06-14 14:52:08,情報,code,low_effort,sparse,,
collision:2006,2006,M.1638874776.A.53C,2021-12-07 18:59:36,情報,code,low_effort,sparse,,
collision:2006,2006,M.1628837098.A.D13,2021-08-13 14:44:58,情報,code,low_effort,sparse,,
collision:2006,2006,M.1652172039.A.EE9,2022-05-10 16:40:39,情報,code,low_effort,sparse,,
collision:2006,2006,M.1604060779.A.B27,2020-10-30 20:26:19,其他,code,unclassified,sparse,,
collision:2006,2006,M.1714633130.A.A28,2024-05-02 14:58:50,情報,code,low_effort,sparse,,
collision:2006,2006,M.1528619372.A.EE5,2018-06-10 16:29:32,標的,code,high_effort,sparse,,
collision:2006,2006,M.1718697936.A.4D9,2024-06-18 16:05:36,情報,code,low_effort,sparse,,
collision:2006,2006,M.1646290349.A.EB3,2022-03-03 14:52:29,情報,code,low_effort,sparse,,
collision:2006,2006,M.1644486404.A.467,2022-02-10 17:46:44,情報,code,low_effort,sparse,,
collision:2006,2006,M.1706770881.A.E54,2024-02-01 15:01:21,情報,code,low_effort,sparse,,
collision:2013,2013,M.1434013362.A.BBB,2015-06-11 17:02:42,標的,code,mid_effort,sparse,,
collision:2013,2013,M.1517934203.A.AD2,2018-02-07 00:23:23,標的,name,mid_effort,sparse,,
collision:2013,2013,M.1627204314.A.0CB,2021-07-25 17:11:54,新聞,name,low_effort,sparse,,
collision:2013,2013,M.1628762854.A.36E,2021-08-12 18:07:34,情報,name,low_effort,sparse,,
collision:2013,2013,M.1547300427.A.0B2,2019-01-12 21:40:27,其他,code,unclassified,sparse,,
collision:2013,2013,M.1437668413.A.BC5,2015-07-24 00:20:13,新聞,name,low_effort,sparse,,
collision:2013,2013,M.1544323534.A.C4D,2018-12-09 10:45:34,新聞,name,low_effort,sparse,,
collision:2013,2013,M.1577324388.A.93B,2019-12-26 09:39:48,其他,name,unclassified,sparse,,
collision:2013,2013,M.1494253645.A.D9B,2017-05-08 22:27:25,新聞,name,low_effort,sparse,,
collision:2013,2013,M.1604493532.A.CEB,2020-11-04 20:38:52,新聞,code,low_effort,sparse,,
collision:2013,2013,M.1629957607.A.70B,2021-08-26 14:00:07,閒聊,name,low_effort,sparse,,
collision:2013,2013,M.1522463039.A.79D,2018-03-31 10:23:59,標的,name,high_effort,sparse,,
collision:2013,2013,M.1630049777.A.E00,2021-08-27 15:36:17,情報,name,low_effort,sparse,,
collision:2013,2013,M.1651952283.A.EDA,2022-05-08 03:38:03,新聞,code,low_effort,sparse,,
collision:2013,2013,M.1544971211.A.48A,2018-12-16 22:40:11,其他,code,unclassified,sparse,,
collision:2013,2013,M.1670574095.A.F60,2022-12-09 16:21:35,情報,name,low_effort,sparse,,
collision:2013,2013,M.1430990367.A.7A5,2015-05-07 17:19:27,標的,code,high_effort,sparse,,
collision:2013,2013,M.1629887163.A.E3D,2021-08-25 18:26:03,情報,name,low_effort,sparse,,
collision:2013,2013,M.1537708601.A.FD3,2018-09-23 21:16:41,投顧,name,low_effort,sparse,,
collision:2013,2013,M.1616321593.A.4E8,2021-03-21 18:13:13,新聞,name,low_effort,sparse,,
collision:2014,2014,M.1552912651.A.656,2019-03-18 20:37:31,其他,code,unclassified,sparse,,
collision:2014,2014,M.1632989916.A.CEF,2021-09-30 16:18:36,情報,code,low_effort,sparse,,
collision:2014,2014,M.1703232707.A.4CE,2023-12-22 16:11:47,情報,code,low_effort,sparse,,
collision:2014,2014,M.1532522737.A.647,2018-07-25 20:45:37,其他,code,unclassified,sparse,,
collision:2014,2014,M.1517410605.A.37B,2018-01-31 22:56:45,其他,code,unclassified,sparse,,
collision:2014,2014,M.1648381156.A.DCA,2022-03-27 19:39:16,新聞,name_with_context,low_effort,sparse,,
collision:2014,2014,M.1520229604.A.E0F,2018-03-05 14:00:04,閒聊,name_with_context,low_effort,sparse,,
collision:2014,2014,M.1522414609.A.A6C,2018-03-30 20:56:49,其他,code,unclassified,sparse,,
collision:2014,2014,M.1528807321.A.F35,2018-06-12 20:42:01,其他,code,unclassified,sparse,,
collision:2014,2014,M.1547734863.A.181,2019-01-17 22:21:03,其他,code,unclassified,sparse,,
collision:2014,2014,M.1649834033.A.66E,2022-04-13 15:13:53,新聞,code,low_effort,sparse,,
collision:2014,2014,M.1618388454.A.342,2021-04-14 16:20:54,其他,name_with_context,unclassified,sparse,,
collision:2014,2014,M.1631089232.A.EDF,2021-09-08 16:20:32,情報,code,low_effort,sparse,,
collision:2014,2014,M.1621065015.A.A10,2021-05-15 15:50:15,請益,name_with_context,mid_effort,sparse,,
collision:2014,2014,M.1618662323.A.3A0,2021-04-17 20:25:23,心得,name_with_context,mid_effort,sparse,,
collision:2014,2014,M.1664440513.A.BAF,2022-09-29 16:35:13,情報,code,low_effort,sparse,,
collision:2014,2014,M.1702973469.A.D6D,2023-12-19 16:11:09,情報,code,low_effort,sparse,,
collision:2014,2014,M.1626398894.A.692,2021-07-16 09:28:14,新聞,code,low_effort,sparse,,
collision:2014,2014,M.1528719849.A.D60,2018-06-11 20:24:09,其他,code,unclassified,sparse,,
collision:2014,2014,M.1569668069.A.12C,2019-09-28 18:54:29,新聞,name_with_context,low_effort,sparse,,
collision:2340,2340,M.1684153715.A.5BE,2023-05-15 20:28:35,情報,code,low_effort,sparse,,
collision:2340,2340,M.1533137079.A.C06,2018-08-01 23:24:39,其他,code,unclassified,sparse,,
collision:2340,2340,M.1529860517.A.7D2,2018-06-25 01:15:17,標的,code,high_effort,sparse,,
collision:2340,2340,M.1517165934.A.66B,2018-01-29 02:58:54,標的,code,high_effort,sparse,,
collision:2340,2340,M.1689063055.A.E00,2023-07-11 16:10:55,情報,code,low_effort,sparse,,
collision:2340,2340,M.1663057866.A.3E8,2022-09-13 16:31:06,情報,code,low_effort,sparse,,
collision:2340,2340,M.1545828793.A.06B,2018-12-26 20:53:13,其他,code,unclassified,sparse,,
collision:2340,2340,M.1489154772.A.6FF,2017-03-10 22:06:12,其他,code,unclassified,sparse,,
collision:2340,2340,M.1636984166.A.E51,2021-11-15 21:49:26,標的,code,high_effort,sparse,,
collision:2340,2340,M.1617144651.A.B91,2021-03-31 06:50:51,新聞,code,low_effort,sparse,,
collision:2340,2340,M.1687853555.A.F95,2023-06-27 16:12:35,情報,code,low_effort,sparse,,
collision:2340,2340,M.1558226600.A.B97,2019-05-19 08:43:20,標的,code,high_effort,sparse,,
collision:2340,2340,M.1657118752.A.5B1,2022-07-06 22:45:52,情報,code,low_effort,sparse,,
collision:2340,2340,M.1636358786.A.C08,2021-11-08 16:06:26,情報,code,low_effort,sparse,,
collision:2340,2340,M.1649751454.A.1CE,2022-04-12 16:17:34,情報,code,low_effort,sparse,,
collision:2340,2340,M.1652106163.A.282,2022-05-09 22:22:43,心得,code,mid_effort,sparse,,
collision:2340,2340,M.1631371345.A.9E3,2021-09-11 22:42:25,新聞,code,low_effort,sparse,,
collision:2340,2340,M.1554533153.A.442,2019-04-06 14:45:53,標的,code,high_effort,sparse,,
collision:2340,2340,M.1500991349.A.24F,2017-07-25 22:02:29,其他,code,unclassified,sparse,,
collision:2340,2340,M.1530277111.A.B91,2018-06-29 20:58:31,其他,code,unclassified,sparse,,
collision:2427,2427,M.1543923255.A.346,2018-12-04 19:34:15,其他,code,unclassified,silent,,
collision:2427,2427,M.1543820171.A.EB0,2018-12-03 14:56:11,其他,code,unclassified,silent,,
collision:2427,2427,M.1698826011.A.FDE,2023-11-01 16:06:51,情報,code,low_effort,silent,,
collision:2427,2427,M.1505793160.A.25A,2017-09-19 11:52:40,標的,code,high_effort,silent,,
collision:2427,2427,M.1457449972.A.CDE,2016-03-08 23:12:52,其他,code,unclassified,silent,,
collision:2427,2427,M.1517687714.A.1F7,2018-02-04 03:55:14,標的,code,high_effort,silent,,
collision:2427,2427,M.1720425929.A.EA6,2024-07-08 16:05:29,情報,code,low_effort,silent,,
collision:2427,2427,M.1544016817.A.9ED,2018-12-05 21:33:37,標的,code,high_effort,silent,,
collision:2427,2427,M.1681209757.A.6A8,2023-04-11 18:42:37,情報,code,low_effort,silent,,
collision:2427,2427,M.1545047447.A.736,2018-12-17 19:50:47,其他,code,unclassified,silent,,
collision:2427,2427,M.1519501968.A.6A1,2018-02-25 03:52:48,標的,code,high_effort,silent,,
collision:2427,2427,M.1584301482.A.432,2020-03-16 03:44:42,標的,code,high_effort,silent,,
collision:2427,2427,M.1529860517.A.7D2,2018-06-25 01:15:17,標的,code,high_effort,silent,,
collision:2427,2427,M.1640281342.A.78D,2021-12-24 01:42:22,爆卦,code,low_effort,silent,,
collision:2427,2427,M.1676541477.A.7DE,2023-02-16 17:57:57,情報,code,low_effort,silent,,
collision:2427,2427,M.1515312962.A.5A9,2018-01-07 16:16:02,標的,code,high_effort,silent,,
collision:2427,2427,M.1546865380.A.B19,2019-01-07 20:49:40,其他,code,unclassified,silent,,
collision:2427,2427,M.1684931422.A.A73,2023-05-24 20:30:22,新聞,code,low_effort,silent,,
collision:2427,2427,M.1513443556.A.B0E,2017-12-17 00:59:16,標的,code,high_effort,silent,,
collision:2427,2427,M.1469007268.A.EE7,2016-07-20 17:34:28,新聞,name,low_effort,silent,,
collision:2603,2603,M.1664194571.A.C10,2022-09-26 20:16:11,新聞,code,low_effort,sparse,,
collision:2603,2603,M.1709137587.A.98C,2024-02-29 00:26:27,新聞,code,low_effort,sparse,,
collision:2603,2603,M.1599733745.A.C52,2020-09-10 18:29:05,新聞,code,low_effort,sparse,,
collision:2603,2603,M.1687182513.A.FA2,2023-06-19 21:48:33,新聞,code,low_effort,sparse,,
collision:2603,2603,M.1690538584.A.2E2,2023-07-28 18:03:04,情報,name_with_context,low_effort,sparse,,
collision:2603,2603,M.1711639366.A.33F,2024-03-28 23:22:46,情報,code,low_effort,sparse,,
collision:2603,2603,M.1693984418.A.61C,2023-09-06 15:13:38,情報,code,low_effort,sparse,,
collision:2603,2603,M.1646745241.A.686,2022-03-08 21:14:01,新聞,name_with_context,low_effort,sparse,,
collision:2603,2603,M.1624499223.A.37E,2021-06-24 09:47:03,標的,code,mid_effort,sparse,,
collision:2603,2603,M.1671087603.A.321,2022-12-15 15:00:03,情報,code,low_effort,sparse,,
collision:2603,2603,M.1723114064.A.5D4,2024-08-08 18:47:44,新聞,code,low_effort,sparse,,
collision:2603,2603,M.1634574074.A.253,2021-10-19 00:21:14,新聞,code,low_effort,sparse,,
collision:2603,2603,M.1710399542.A.173,2024-03-14 14:59:02,情報,code,low_effort,sparse,,
collision:2603,2603,M.1644489121.A.B7F,2022-02-10 18:32:01,情報,code,low_effort,sparse,,
collision:2603,2603,M.1710949788.A.F27,2024-03-20 23:49:48,情報,code,low_effort,sparse,,
collision:2603,2603,M.1610102078.A.16E,2021-01-08 18:34:38,新聞,code,low_effort,sparse,,
collision:2603,2603,M.1626858922.A.AF2,2021-07-21 17:15:22,新聞,code,low_effort,sparse,,
collision:2603,2603,M.1637840510.A.FD9,2021-11-25 19:41:50,情報,code,low_effort,sparse,,
collision:2603,2603,M.1683509897.A.726,2023-05-08 09:38:17,新聞,code,low_effort,sparse,,
collision:2603,2603,M.1733753096.A.FF2,2024-12-09 22:04:56,情報,code,low_effort,sparse,,
collision:2905,2905,M.1581244441.A.E74,2020-02-09 18:34:01,新聞,name_with_context,low_effort,sparse,,
collision:2905,2905,M.1558868335.A.E07,2019-05-26 18:58:55,新聞,name_with_context,low_effort,sparse,,
collision:2905,2905,M.1714119287.A.367,2024-04-26 16:14:47,情報,code,low_effort,sparse,,
collision:2905,2905,M.1720012523.A.F9D,2024-07-03 21:15:23,新聞,name_with_context,low_effort,sparse,,
collision:2905,2905,M.1717143201.A.81D,2024-05-31 16:13:21,情報,name_with_context,low_effort,sparse,,
collision:2905,2905,M.1723813220.A.D94,2024-08-16 21:00:20,新聞,code,low_effort,sparse,,
collision:2905,2905,M.1547552960.A.209,2019-01-15 19:49:20,新聞,name_with_context,low_effort,sparse,,
collision:2905,2905,M.1544541694.A.FE1,2018-12-11 23:21:34,其他,code,unclassified,sparse,,
collision:2905,2905,M.1526730191.A.578,2018-05-19 19:43:11,標的,code,high_effort,sparse,,
collision:2905,2905,M.1569989757.A.674,2019-10-02 12:15:57,請益,name_with_context,mid_effort,sparse,,
collision:2905,2905,M.1664723396.A.571,2022-10-02 23:09:56,新聞,name_with_context,low_effort,sparse,,
collision:2905,2905,M.1724227505.A.62F,2024-08-21 16:05:05,情報,code,low_effort,sparse,,
collision:2905,2905,M.1652076002.A.AD5,2022-05-09 14:00:02,閒聊,name_with_context,low_effort,sparse,,
collision:2905,2905,M.1650441707.A.781,2022-04-20 16:01:47,情報,name_with_context,low_effort,sparse,,
collision:2905,2905,M.1685696738.A.58A,2023-06-02 17:05:38,新聞,name_with_context,low_effort,sparse,,
collision:2905,2905,M.1666165204.A.BDC,2022-10-19 15:40:04,情報,name_with_context,low_effort,sparse,,
collision:2905,2905,M.1690041944.A.687,2023-07-23 00:05:44,請益,name_with_context,mid_effort,sparse,,
collision:2905,2905,M.1642512335.A.78D,2022-01-18 21:25:35,情報,code,low_effort,sparse,,
collision:2905,2905,M.1693977950.A.6E2,2023-09-06 13:25:50,情報,code,low_effort,sparse,,
collision:2905,2905,M.1638498067.A.576,2021-12-03 10:21:07,新聞,name_with_context,low_effort,sparse,,
collision:2912,2912,M.1544425563.A.570,2018-12-10 15:06:03,其他,code,unclassified,sparse,,
collision:2912,2912,M.1631084123.A.F6F,2021-09-08 14:55:23,情報,code,low_effort,sparse,,
collision:2912,2912,M.1718185097.A.1E7,2024-06-12 17:38:17,新聞,code,low_effort,sparse,,
collision:2912,2912,M.1723547245.A.2F8,2024-08-13 19:07:25,新聞,code,low_effort,sparse,,
collision:2912,2912,M.1691392191.A.1C5,2023-08-07 15:09:51,情報,code,low_effort,sparse,,
collision:2912,2912,M.1730436806.A.F91,2024-11-01 12:53:26,標的,code,high_effort,sparse,,
collision:2912,2912,M.1450971082.A.4DC,2015-12-24 23:31:22,其他,code,unclassified,sparse,,
collision:2912,2912,M.1623999086.A.ACF,2021-06-18 14:51:26,情報,code,low_effort,sparse,,
collision:2912,2912,M.1533568810.A.6E6,2018-08-06 23:20:10,新聞,code,low_effort,sparse,,
collision:2912,2912,M.1566485843.A.78C,2019-08-22 22:57:23,其他,code,unclassified,sparse,,
collision:2912,2912,M.1600777984.A.859,2020-09-22 20:33:04,新聞,code,low_effort,sparse,,
collision:2912,2912,M.1681110568.A.1CA,2023-04-10 15:09:28,情報,code,low_effort,sparse,,
collision:2912,2912,M.1544163610.A.57D,2018-12-07 14:20:10,其他,code,unclassified,sparse,,
collision:2912,2912,M.1544604601.A.558,2018-12-12 16:50:01,其他,code,unclassified,sparse,,
collision:2912,2912,M.1456000705.A.299,2016-02-21 04:38:25,請益,code,mid_effort,sparse,,
collision:2912,2912,M.1667458494.A.7B1,2022-11-03 14:54:54,情報,code,low_effort,sparse,,
collision:2912,2912,M.1583164045.A.07A,2020-03-02 23:47:25,新聞,code,low_effort,sparse,,
collision:2912,2912,M.1534371065.A.DAC,2018-08-16 06:11:05,新聞,code,low_effort,sparse,,
collision:2912,2912,M.1530881702.A.FCB,2018-07-06 20:55:02,其他,code,unclassified,sparse,,
collision:2912,2912,M.1553402925.A.ECA,2019-03-24 12:48:45,新聞,code,low_effort,sparse,,
collision:6505,6505,M.1624950017.A.C07,2021-06-29 15:00:17,情報,code,low_effort,sparse,,
collision:6505,6505,M.1652375247.A.7A7,2022-05-13 01:07:27,心得,code,mid_effort,sparse,,
collision:6505,6505,M.1601810005.A.2DD,2020-10-04 19:13:25,新聞,name,low_effort,sparse,,
collision:6505,6505,M.1647504870.A.A14,2022-03-17 16:14:30,新聞,name,low_effort,sparse,,
collision:6505,6505,M.1532172806.A.6AE,2018-07-21 19:33:26,其他,code,unclassified,sparse,,
collision:6505,6505,M.1724659543.A.0E0,2024-08-26 16:05:43,情報,code,low_effort,sparse,,
collision:6505,6505,M.1662530463.A.58D,2022-09-07 14:01:03,情報,code,low_effort,sparse,,
collision:6505,6505,M.1584624862.A.B29,2020-03-19 21:34:22,新聞,name,low_effort,sparse,,
collision:6505,6505,M.1625810599.A.EED,2021-07-09 14:03:19,情報,code,low_effort,sparse,,
collision:6505,6505,M.1626626444.A.AD4,2021-07-19 00:40:44,新聞,name,low_effort,sparse,,
collision:6505,6505,M.1623739907.A.24C,2021-06-15 14:51:47,情報,code,low_effort,sparse,,
collision:6505,6505,M.1567430465.A.933,2019-09-02 21:21:05,新聞,name,low_effort,sparse,,
collision:6505,6505,M.1445957302.A.7D7,2015-10-27 22:48:22,其他,code,unclassified,sparse,,
collision:6505,6505,M.1544425563.A.570,2018-12-10 15:06:03,其他,code,unclassified,sparse,,
collision:6505,6505,M.1476372069.A.D1B,2016-10-13 23:21:09,其他,code,unclassified,sparse,,
collision:6505,6505,M.1504875204.A.0DA,2017-09-08 20:53:24,其他,code,unclassified,sparse,,
collision:6505,6505,M.1545634824.A.395,2018-12-24 15:00:24,其他,code,unclassified,sparse,,
collision:6505,6505,M.1494817851.A.002,2017-05-15 11:10:51,新聞,name,low_effort,sparse,,
collision:6505,6505,M.1486290349.A.BEA,2017-02-05 18:25:49,新聞,code,low_effort,sparse,,
collision:6505,6505,M.1547361976.A.C1A,2019-01-13 14:46:16,新聞,name,low_effort,sparse,,
collision:6790,6790,M.1712728214.A.D5F,2024-04-10 13:50:14,情報,code,low_effort,sparse,,
collision:6790,6790,M.1603773281.A.826,2020-10-27 12:34:41,新聞,code,low_effort,sparse,,
collision:6790,6790,M.1542892590.A.12E,2018-11-22 21:16:30,其他,code,unclassified,sparse,,
collision:6790,6790,M.1735642445.A.BAB,2024-12-31 18:54:05,新聞,code,low_effort,sparse,,
collision:6790,6790,M.1633320925.A.863,2021-10-04 12:15:25,請益,name_with_context,mid_effort,sparse,,
collision:6790,6790,M.1735887312.A.5C5,2025-01-03 14:55:12,情報,code,low_effort,sparse,,
collision:6790,6790,M.1731049446.A.6F5,2024-11-08 15:04:06,情報,code,low_effort,sparse,,
collision:6790,6790,M.1711176953.A.E98,2024-03-23 14:55:53,標的,code,mid_effort,sparse,,
collision:6790,6790,M.1631560927.A.A7F,2021-09-14 03:22:07,標的,code,high_effort,sparse,,
collision:6790,6790,M.1715237882.A.363,2024-05-09 14:58:02,情報,code,low_effort,sparse,,
collision:6790,6790,M.1694509597.A.725,2023-09-12 17:06:37,新聞,name_with_context,low_effort,sparse,,
collision:6790,6790,M.1707991069.A.B90,2024-02-15 17:57:49,情報,code,low_effort,sparse,,
collision:6790,6790,M.1606223143.A.A08,2020-11-24 21:05:43,其他,code,unclassified,sparse,,
collision:6790,6790,M.1736837416.A.B45,2025-01-14 14:50:16,情報,code,low_effort,sparse,,
collision:6790,6790,M.1725866763.A.1EC,2024-09-09 15:26:03,情報,code,low_effort,sparse,,
collision:6790,6790,M.1686549086.A.2CE,2023-06-12 13:51:26,情報,code,low_effort,sparse,,
collision:6790,6790,M.1631807862.A.CC2,2021-09-16 23:57:42,標的,name_with_context,high_effort,sparse,,
collision:6790,6790,M.1691066976.A.340,2023-08-03 20:49:36,新聞,code,low_effort,sparse,,
collision:6790,6790,M.1523191271.A.FD7,2018-04-08 20:41:11,公告,code,low_effort,sparse,,
collision:6790,6790,M.1691648452.A.AFD,2023-08-10 14:20:52,情報,code,low_effort,sparse,,
