ticker,name_short,venue,source,official_abbreviation,name_matches_official,listing_date,is_ky
1101,台泥,TWSE,TWSE t187ap03_L,台泥,1,1962-02-09,0
1102,亞泥,TWSE,TWSE t187ap03_L,亞泥,1,1962-06-08,0
1103,嘉泥,TWSE,TWSE t187ap03_L,嘉泥,1,1969-11-14,0
1104,環泥,TWSE,TWSE t187ap03_L,環泥,1,1971-02-01,0
1108,幸福,TWSE,TWSE t187ap03_L,幸福,1,1990-06-06,0
1109,信大,TWSE,TWSE t187ap03_L,信大,1,1991-12-05,0
1110,東泥,TWSE,TWSE t187ap03_L,東泥,1,1994-10-22,0
1201,味全,TWSE,TWSE t187ap03_L,味全,1,1962-02-09,0
1203,味王,TWSE,TWSE t187ap03_L,味王,1,1964-08-24,0
1210,大成,TWSE,TWSE t187ap03_L,大成,1,1978-05-20,0
1213,大飲,TWSE,TWSE t187ap03_L,大飲,1,1981-04-10,0
1215,卜蜂,TWSE,TWSE t187ap03_L,卜蜂,1,1987-07-27,0
1216,統一,TWSE,TWSE t187ap03_L,統一,1,1987-12-28,0
1217,愛之味,TWSE,TWSE t187ap03_L,愛之味,1,1989-10-28,0
1218,泰山,TWSE,TWSE t187ap03_L,泰山,1,1989-11-11,0
1219,福壽,TWSE,TWSE t187ap03_L,福壽,1,1990-12-01,0
1220,台榮,TWSE,TWSE t187ap03_L,台榮,1,1991-11-20,0
1301,台塑,TWSE,TWSE t187ap03_L,台塑,1,1964-07-27,0
1303,南亞,TWSE,TWSE t187ap03_L,南亞,1,1967-11-15,0
1304,台聚,TWSE,TWSE t187ap03_L,台聚,1,1972-05-20,0
1305,華夏,TWSE,TWSE t187ap03_L,華夏,1,1973-03-05,0
1307,三芳,TWSE,TWSE t187ap03_L,三芳,1,1985-11-23,0
1308,亞聚,TWSE,TWSE t187ap03_L,亞聚,1,1986-06-20,0
1309,台達化,TWSE,TWSE t187ap03_L,台達化,1,1986-06-27,0
1310,台苯,TWSE,TWSE t187ap03_L,台苯,1,1987-08-06,0
1312,國喬,TWSE,TWSE t187ap03_L,國喬,1,1988-12-21,0
1313,聯成,TWSE,TWSE t187ap03_L,聯成,1,1989-03-27,0
1319,東陽,TWSE,TWSE t187ap03_L,東陽,1,1994-12-12,0
1338,廣華-KY,TWSE,TWSE t187ap03_L,廣華-KY,1,2012-12-19,1
1339,昭輝,TWSE,TWSE t187ap03_L,昭輝,1,2012-04-24,0
1512,瑞利,TWSE,TWSE t187ap03_L,瑞利,1,1994-01-28,0
1521,大億,TWSE,TWSE t187ap03_L,大億,1,1997-10-06,0
1522,堤維西,TWSE,TWSE t187ap03_L,堤維西,1,1997-10-06,0
1524,耿鼎,TWSE,TWSE t187ap03_L,耿鼎,1,1998-10-30,0
1525,江申,TWSE,TWSE t187ap03_L,江申,1,1999-05-15,0
1533,車王電,TWSE,TWSE t187ap03_L,車王電,1,2001-04-06,0
1536,和大,TWSE,TWSE t187ap03_L,和大,1,2001-09-17,0
1402,遠東新,TWSE,TWSE t187ap03_L,遠東新,1,1967-04-14,0
1409,新纖,TWSE,TWSE t187ap03_L,新纖,1,1973-08-31,0
1410,南染,TWSE,TWSE t187ap03_L,南染,1,1973-10-18,0
1413,宏洲,TWSE,TWSE t187ap03_L,宏洲,1,1975-12-23,0
1414,東和,TWSE,TWSE t187ap03_L,東和,1,1976-02-02,0
1417,嘉裕,TWSE,TWSE t187ap03_L,嘉裕,1,1976-12-28,0
1418,東華,TWSE,TWSE t187ap03_L,東華,1,1977-02-14,0
1419,新紡,TWSE,TWSE t187ap03_L,新紡,1,1977-03-14,0
1423,利華,TWSE,TWSE t187ap03_L,利華,1,1979-04-02,0
1434,福懋,TWSE,TWSE t187ap03_L,福懋,1,1985-12-24,0
1432,大魯閣,TWSE,TWSE t187ap03_L,大魯閣,1,1982-07-26,0
1598,岱宇,TWSE,TWSE t187ap03_L,岱宇,1,2016-09-20,0
1736,喬山,TWSE,TWSE t187ap03_L,喬山,1,2003-01-09,0
2762,世界健身-KY,TWSE,TWSE t187ap03_L,世界健身-KY,1,2024-01-24,1
4536,拓凱,TWSE,TWSE t187ap03_L,拓凱,1,2013-10-09,0
5306,桂盟,TWSE,TWSE t187ap03_L,桂盟,1,2022-03-08,0
6670,復盛應用,TWSE,TWSE t187ap03_L,復盛應用,1,2018-12-18,0
6768,志強-KY,TWSE,TWSE t187ap03_L,志強-KY,1,2021-04-22,1
6890,來億-KY,TWSE,TWSE t187ap03_L,來億-KY,1,2024-06-12,1
6965,中傑-KY,TWSE,TWSE t187ap03_L,中傑-KY,1,2025-03-07,1
1471,首利,TWSE,TWSE t187ap03_L,首利,1,2000-03-06,0
1582,信錦,TWSE,TWSE t187ap03_L,信錦,1,2009-12-17,0
2059,川湖,TWSE,TWSE t187ap03_L,川湖,1,2008-06-25,0
2308,台達電,TWSE,TWSE t187ap03_L,台達電,1,1988-12-19,0
2313,華通,TWSE,TWSE t187ap03_L,華通,1,1990-07-24,0
2316,楠梓電,TWSE,TWSE t187ap03_L,楠梓電,1,1991-02-05,0
2327,國巨*,TWSE,TWSE t187ap03_L,國巨*,1,1993-10-22,0
2328,廣宇,TWSE,TWSE t187ap03_L,廣宇,1,1993-11-09,0
2355,敬鵬,TWSE,TWSE t187ap03_L,敬鵬,1,1996-10-14,0
2367,燿華,TWSE,TWSE t187ap03_L,燿華,1,1997-12-13,0
1503,士電,TWSE,TWSE t187ap03_L,士電,1,1969-12-15,0
1504,東元,TWSE,TWSE t187ap03_L,東元,1,1973-11-05,0
1506,正道,TWSE,TWSE t187ap03_L,正道,1,1980-08-11,0
1513,中興電,TWSE,TWSE t187ap03_L,中興電,1,1994-03-08,0
1514,亞力,TWSE,TWSE t187ap03_L,亞力,1,1994-03-26,0
1515,力山,TWSE,TWSE t187ap03_L,力山,1,1995-02-04,0
1517,利奇,TWSE,TWSE t187ap03_L,利奇,1,1995-11-14,0
1519,華城,TWSE,TWSE t187ap03_L,華城,1,1997-04-16,0
1526,日馳,TWSE,TWSE t187ap03_L,日馳,1,2000-03-27,0
1527,鑽全,TWSE,TWSE t187ap03_L,鑽全,1,2000-06-21,0
1603,華電,TWSE,TWSE t187ap03_L,華電,1,1968-06-03,0
1604,聲寶,TWSE,TWSE t187ap03_L,聲寶,1,1970-12-14,0
1605,華新,TWSE,TWSE t187ap03_L,華新,1,1972-11-03,0
1608,華榮,TWSE,TWSE t187ap03_L,華榮,1,1988-07-11,0
1609,大亞,TWSE,TWSE t187ap03_L,大亞,1,1988-12-12,0
1611,中電,TWSE,TWSE t187ap03_L,中電,1,1990-01-16,0
1612,宏泰,TWSE,TWSE t187ap03_L,宏泰,1,1993-05-08,0
1614,三洋電,TWSE,TWSE t187ap03_L,三洋電,1,1997-09-18,0
1615,大山,TWSE,TWSE t187ap03_L,大山,1,2000-03-30,0
1616,億泰,TWSE,TWSE t187ap03_L,億泰,1,2000-09-11,0
1707,葡萄王,TWSE,TWSE t187ap03_L,葡萄王,1,1982-12-20,0
1720,生達,TWSE,TWSE t187ap03_L,生達,1,1995-12-12,0
1731,美吾華,TWSE,TWSE t187ap03_L,美吾華,1,2001-09-17,0
1733,五鼎,TWSE,TWSE t187ap03_L,五鼎,1,2001-09-17,0
1734,杏輝,TWSE,TWSE t187ap03_L,杏輝,1,2002-08-26,0
1752,南光,TWSE,TWSE t187ap03_L,南光,1,2022-01-19,0
1760,寶齡富錦,TWSE,TWSE t187ap03_L,寶齡富錦,1,2018-01-23,0
1762,中化生,TWSE,TWSE t187ap03_L,中化生,1,2010-12-20,0
1783,和康生,TWSE,TWSE t187ap03_L,和康生,1,2013-12-20,0
1786,科妍,TWSE,TWSE t187ap03_L,科妍,1,2013-11-12,0
1708,東鹼,TWSE,TWSE t187ap03_L,東鹼,1,1986-06-16,0
1709,和益,TWSE,TWSE t187ap03_L,和益,1,1986-07-03,0
1710,東聯,TWSE,TWSE t187ap03_L,東聯,1,1987-10-21,0
1711,永光,TWSE,TWSE t187ap03_L,永光,1,1988-12-27,0
1712,興農,TWSE,TWSE t187ap03_L,興農,1,1989-12-14,0
1713,國化,TWSE,TWSE t187ap03_L,國化,1,1990-01-31,0
1714,和桐,TWSE,TWSE t187ap03_L,和桐,1,1991-08-30,0
1717,長興,TWSE,TWSE t187ap03_L,長興,1,1994-03-31,0
1718,中纖,TWSE,TWSE t187ap03_L,中纖,1,1963-12-02,0
1721,三晃,TWSE,TWSE t187ap03_L,國慶科技,0,1996-05-16,0
1802,台玻,TWSE,TWSE t187ap03_L,台玻,1,1973-07-20,0
1806,冠軍,TWSE,TWSE t187ap03_L,冠軍,1,1992-09-29,0
1809,中釉,TWSE,TWSE t187ap03_L,中釉,1,1996-04-30,0
1810,和成,TWSE,TWSE t187ap03_L,和成,1,1991-10-14,0
1817,凱撒衛,TWSE,TWSE t187ap03_L,凱撒衛,1,2013-10-24,0
1903,士紙,TWSE,TWSE t187ap03_L,士紙,1,1963-12-09,0
1904,正隆,TWSE,TWSE t187ap03_L,正隆,1,1971-09-10,0
1905,華紙,TWSE,TWSE t187ap03_L,華紙,1,1975-02-07,0
1906,寶隆,TWSE,TWSE t187ap03_L,寶隆,1,1976-04-26,0
1907,永豐餘,TWSE,TWSE t187ap03_L,永豐餘,1,1977-02-22,0
1909,榮成,TWSE,TWSE t187ap03_L,榮成,1,1985-11-19,0
6790,永豐實,TWSE,TWSE t187ap03_L,永豐實,1,2021-09-29,0
2002,中鋼,TWSE,TWSE t187ap03_L,中鋼,1,1974-12-26,0
2006,東和鋼鐵,TWSE,TWSE t187ap03_L,東和鋼鐵,1,1988-07-13,0
2007,燁興,TWSE,TWSE t187ap03_L,燁興,1,1988-10-04,0
2008,高興昌,TWSE,TWSE t187ap03_L,高興昌,1,1988-12-28,0
2009,第一銅,TWSE,TWSE t187ap03_L,第一銅,1,1989-10-20,0
2010,春源,TWSE,TWSE t187ap03_L,春源,1,1989-12-22,0
2012,春雨,TWSE,TWSE t187ap03_L,春雨,1,1991-10-17,0
2013,中鋼構,TWSE,TWSE t187ap03_L,中鋼構,1,1992-01-21,0
2014,中鴻,TWSE,TWSE t187ap03_L,中鴻,1,1992-02-20,0
2015,豐興,TWSE,TWSE t187ap03_L,豐興,1,1992-05-25,0
2062,橋椿,TWSE,TWSE t187ap03_L,橋椿,1,2007-11-16,0
3557,嘉威,TWSE,TWSE t187ap03_L,嘉威,1,2008-02-27,0
6671,三能-KY,TWSE,TWSE t187ap03_L,三能-KY,1,2018-12-11,1
6754,匯僑設計,TWSE,TWSE t187ap03_L,匯僑設計,1,2020-08-25,0
6807,峰源-KY,TWSE,TWSE t187ap03_L,峰源-KY,1,2022-04-25,1
8464,億豐,TWSE,TWSE t187ap03_L,億豐,1,2015-12-22,0
8482,商億-KY,TWSE,TWSE t187ap03_L,商億-KY,1,2018-08-15,1
9911,櫻花,TWSE,TWSE t187ap03_L,櫻花,1,1992-07-16,0
9924,福興,TWSE,TWSE t187ap03_L,福興,1,1995-03-15,0
9934,成霖,TWSE,TWSE t187ap03_L,成霖,1,2000-09-11,0
2072,世紀風電,TWSE,TWSE t187ap03_L,世紀風電,1,2026-03-26,0
3708,上緯投控,TWSE,TWSE t187ap03_L,上緯投控,1,2016-08-31,0
5292,華懋,TWSE,TWSE t187ap03_L,華懋,1,2023-11-21,0
6581,鋼聯,TWSE,TWSE t187ap03_L,鋼聯,1,2018-01-30,0
6641,基士德-KY,TWSE,TWSE t187ap03_L,基士德-KY,1,2018-09-21,1
6869,雲豹能源,TWSE,TWSE t187ap03_L,雲豹能源,1,2023-03-14,0
6873,泓德能源,TWSE,TWSE t187ap03_L,泓德能源,1,2024-09-26,0
6887,寶綠特-KY,TWSE,TWSE t187ap03_L,寶綠特-KY,1,2025-03-10,1
6923,中台,TWSE,TWSE t187ap03_L,中台,1,2024-09-25,0
6944,兆聯實業,TWSE,TWSE t187ap03_L,兆聯實業,1,2025-05-28,0
2101,南港,TWSE,TWSE t187ap03_L,南港,1,1963-11-01,0
2102,泰豐,TWSE,TWSE t187ap03_L,泰豐,1,1979-07-16,0
2103,台橡,TWSE,TWSE t187ap03_L,台橡,1,1982-09-25,0
2104,國際中橡,TWSE,TWSE t187ap03_L,國際中橡,1,1986-07-15,0
2105,正新,TWSE,TWSE t187ap03_L,正新,1,1987-12-07,0
2106,建大,TWSE,TWSE t187ap03_L,建大,1,1990-12-20,0
2107,厚生,TWSE,TWSE t187ap03_L,厚生,1,1992-03-03,0
2108,南帝,TWSE,TWSE t187ap03_L,南帝,1,1992-10-27,0
2109,華豐,TWSE,TWSE t187ap03_L,華豐,1,2000-05-08,0
2114,鑫永銓,TWSE,TWSE t187ap03_L,鑫永銓,1,2010-12-29,0
2208,台船,TWSE,TWSE t187ap03_L,台船,1,2008-12-22,0
2601,益航,TWSE,TWSE t187ap03_L,益航,1,1965-11-04,0
2603,長榮,TWSE,TWSE t187ap03_L,長榮,1,1987-09-21,0
2605,新興,TWSE,TWSE t187ap03_L,新興,1,1989-12-08,0
2606,裕民,TWSE,TWSE t187ap03_L,裕民,1,1990-12-08,0
2607,榮運,TWSE,TWSE t187ap03_L,榮運,1,1990-12-14,0
2608,嘉里大榮,TWSE,TWSE t187ap03_L,嘉里大榮,1,1990-12-20,0
2609,陽明,TWSE,TWSE t187ap03_L,陽明,1,1992-04-20,0
2610,華航,TWSE,TWSE t187ap03_L,華航,1,1993-02-26,0
2611,志信,TWSE,TWSE t187ap03_L,志信,1,1993-10-28,0
2302,麗正,TWSE,TWSE t187ap03_L,麗正,1,1985-01-15,0
2303,聯電,TWSE,TWSE t187ap03_L,聯電,1,1985-07-16,0
2329,華泰,TWSE,TWSE t187ap03_L,華泰,1,1994-04-20,0
2330,台積電,TWSE,TWSE t187ap03_L,台積電,1,1994-09-05,0
2337,旺宏,TWSE,TWSE t187ap03_L,旺宏,1,1995-03-15,0
2338,光罩,TWSE,TWSE t187ap03_L,光罩,1,1995-04-17,0
2340,台亞,TWSE,TWSE t187ap03_L,台亞,1,1995-05-02,0
2342,茂矽,TWSE,TWSE t187ap03_L,茂矽,1,1995-09-19,0
2344,華邦電,TWSE,TWSE t187ap03_L,華邦電,1,1995-10-18,0
2351,順德,TWSE,TWSE t187ap03_L,順德,1,1996-04-25,0
2312,金寶,TWSE,TWSE t187ap03_L,金寶,1,1989-11-07,0
2317,鴻海,TWSE,TWSE t187ap03_L,鴻海,1,1991-06-18,0
2354,鴻準,TWSE,TWSE t187ap03_L,鴻準,1,1996-10-08,0
2359,所羅門,TWSE,TWSE t187ap03_L,所羅門,1,1996-12-19,0
2360,致茂,TWSE,TWSE t187ap03_L,致茂,1,1996-12-21,0
2373,震旦行,TWSE,TWSE t187ap03_L,震旦行,1,1991-08-01,0
2390,云辰,TWSE,TWSE t187ap03_L,云辰,1,1999-06-15,0
2404,漢唐,TWSE,TWSE t187ap03_L,漢唐,1,2000-03-14,0
2423,固緯,TWSE,TWSE t187ap03_L,固緯,1,2000-09-11,0
2433,互盛電,TWSE,TWSE t187ap03_L,互盛電,1,2000-09-11,0
2323,中環,TWSE,TWSE t187ap03_L,中環,1,1992-02-17,0
2349,錸德,TWSE,TWSE t187ap03_L,錸德,1,1996-04-23,0
2374,佳能,TWSE,TWSE t187ap03_L,佳能,1,1995-01-16,0
2393,億光,TWSE,TWSE t187ap03_L,億光,1,1999-11-04,0
2406,國碩,TWSE,TWSE t187ap03_L,國碩,1,2000-04-29,0
2409,友達,TWSE,TWSE t187ap03_L,友達,1,2000-09-08,0
2426,鼎元,TWSE,TWSE t187ap03_L,鼎元,1,2000-09-11,0
2429,銘旺科,TWSE,TWSE t187ap03_L,銘旺科,1,2000-09-11,0
2438,翔耀,TWSE,TWSE t187ap03_L,翔耀,1,2000-09-11,0
2466,冠西電,TWSE,TWSE t187ap03_L,冠西電,1,2001-09-17,0
2347,聯強,TWSE,TWSE t187ap03_L,聯強,1,1995-12-13,0
2414,精技,TWSE,TWSE t187ap03_L,精技,1,2000-09-11,0
2430,燦坤,TWSE,TWSE t187ap03_L,燦坤,1,2000-09-11,0
3010,華立,TWSE,TWSE t187ap03_L,華立,1,2002-07-22,0
3028,增你強,TWSE,TWSE t187ap03_L,增你強,1,2002-08-26,0
3033,威健,TWSE,TWSE t187ap03_L,威健,1,2002-08-26,0
3036,文曄,TWSE,TWSE t187ap03_L,文曄,1,2002-08-26,0
3048,益登,TWSE,TWSE t187ap03_L,益登,1,2002-10-01,0
3054,立萬利,TWSE,TWSE t187ap03_L,立萬利,1,2002-11-18,0
3055,蔚華科,TWSE,TWSE t187ap03_L,蔚華科,1,2002-12-12,0
2427,三商電,TWSE,TWSE t187ap03_L,三商電,1,2000-09-11,0
2453,凌群,TWSE,TWSE t187ap03_L,凌群,1,2001-05-22,0
2468,華經,TWSE,TWSE t187ap03_L,華經,1,2001-09-17,0
2471,資通,TWSE,TWSE t187ap03_L,資通,1,2001-09-17,0
2480,敦陽科,TWSE,TWSE t187ap03_L,敦陽科,1,2001-09-17,0
3029,零壹,TWSE,TWSE t187ap03_L,零壹,1,2002-08-26,0
4994,傳奇,TWSE,TWSE t187ap03_L,傳奇,1,2013-12-25,0
5203,訊連,TWSE,TWSE t187ap03_L,訊連,1,2004-09-27,0
6112,邁達特,TWSE,TWSE t187ap03_L,邁達特,1,2003-08-04,0
6183,關貿,TWSE,TWSE t187ap03_L,關貿,1,2011-12-01,0
2616,山隆,TWSE,TWSE t187ap03_L,山隆,1,1997-11-08,0
6505,台塑化,TWSE,TWSE t187ap03_L,台塑化,1,2003-12-26,0
8926,台汽電,TWSE,TWSE t187ap03_L,台汽電,1,2003-08-25,0
9908,大台北,TWSE,TWSE t187ap03_L,大台北,1,1991-02-06,0
9918,欣天然,TWSE,TWSE t187ap03_L,欣天然,1,1994-04-26,0
9926,新海,TWSE,TWSE t187ap03_L,新海,1,1998-04-08,0
9931,欣高,TWSE,TWSE t187ap03_L,欣高,1,2000-03-21,0
9937,全國,TWSE,TWSE t187ap03_L,全國,1,2000-09-11,0
2701,萬企,TWSE,TWSE t187ap03_L,萬企,1,1965-03-22,0
2702,華園,TWSE,TWSE t187ap03_L,華園,1,1965-02-14,0
2704,國賓,TWSE,TWSE t187ap03_L,國賓,1,1982-11-10,0
2705,六福,TWSE,TWSE t187ap03_L,六福,1,1988-12-24,0
2706,第一店,TWSE,TWSE t187ap03_L,第一店,1,1991-06-25,0
2707,晶華,TWSE,TWSE t187ap03_L,晶華,1,1998-03-09,0
2712,遠雄來,TWSE,TWSE t187ap03_L,遠雄來,1,2013-12-03,0
2722,夏都,TWSE,TWSE t187ap03_L,夏都,1,2012-03-14,0
2723,美食-KY,TWSE,TWSE t187ap03_L,美食-KY,1,2010-11-22,1
2727,王品,TWSE,TWSE t187ap03_L,王品,1,2012-03-06,0
2801,彰銀,TWSE,TWSE t187ap03_L,彰銀,1,1962-02-15,0
2812,台中銀,TWSE,TWSE t187ap03_L,台中銀,1,1984-05-15,0
2816,旺旺保,TWSE,TWSE t187ap03_L,旺旺保,1,1992-05-05,0
2820,華票,TWSE,TWSE t187ap03_L,華票,1,1994-10-26,0
2832,台產,TWSE,TWSE t187ap03_L,台產,1,1997-09-30,0
2834,臺企銀,TWSE,TWSE t187ap03_L,臺企銀,1,1998-01-03,0
2836,高雄銀,TWSE,TWSE t187ap03_L,高雄銀,1,1998-05-18,0
2838,聯邦銀,TWSE,TWSE t187ap03_L,聯邦銀,1,1998-06-29,0
2845,遠東銀,TWSE,TWSE t187ap03_L,遠東銀,1,1998-11-27,0
2849,安泰銀,TWSE,TWSE t187ap03_L,安泰銀,1,1999-09-27,0
2901,欣欣,TWSE,TWSE t187ap03_L,欣欣,1,1976-05-07,0
2903,遠百,TWSE,TWSE t187ap03_L,遠百,1,1978-10-11,0
2905,三商,TWSE,TWSE t187ap03_L,三商,1,1988-09-19,0
2906,高林,TWSE,TWSE t187ap03_L,高林,1,1989-12-26,0
2908,特力,TWSE,TWSE t187ap03_L,特力,1,1993-02-18,0
2910,統領,TWSE,TWSE t187ap03_L,統領,1,1996-12-30,0
2911,麗嬰房,TWSE,TWSE t187ap03_L,麗嬰房,1,1997-01-18,0
2912,統一超,TWSE,TWSE t187ap03_L,統一超,1,1997-08-22,0
2913,農林,TWSE,TWSE t187ap03_L,農林,1,1962-02-09,0
2915,潤泰全,TWSE,TWSE t187ap03_L,潤泰全,1,1977-07-20,0
3130,一零四,TWSE,TWSE t187ap03_L,一零四,1,2006-02-17,0
6165,浪凡,TWSE,TWSE t187ap03_L,浪凡,1,2003-08-04,0
6614,資拓宏宇,TWSE,TWSE t187ap03_L,資拓宏宇,1,2025-11-25,0
6689,伊雲谷,TWSE,TWSE t187ap03_L,伊雲谷,1,2022-09-13,0
6902,GOGOLOOK,TWSE,TWSE t187ap03_L,GOGOLOOK,1,2023-07-13,0
6906,現觀科,TWSE,TWSE t187ap03_L,現觀科,1,2024-01-15,0
7721,微程式,TWSE,TWSE t187ap03_L,微程式,1,2025-07-29,0
7722,LINEPAY,TWSE,TWSE t187ap03_L,LINEPAY,1,2024-12-05,0
7765,中華資安,TWSE,TWSE t187ap03_L,中華資安,1,2025-09-08,0
8454,富邦媒,TWSE,TWSE t187ap03_L,富邦媒,1,2014-12-19,0
