dimension,paper,ours,note
樣本,S&P 500（全為大型股）,267 檔台股長尾（有效 260 檔，無金控、缺主要權值股）,本研究樣本整體相當於論文的『小型半邊』
期間,2004–2019（16 年）,2015–2024（10 年）,受 PTT 封存起訖限制
關注度測度,Google Trends SVI（連續搜尋量）,PTT 發文數（極稀疏計數；週末非零率 7.9%）,**測度性質根本不同**：搜尋是低成本行為，發文是高成本行為
固定效果,個股,個股 ＋ 週,本研究額外吸收市場層級共同衝擊
標準誤,cluster 至個股,cluster 至個股與週（PRD §5.1 C9）,**結論差異的主要來源**，見 T13b
訂單失衡測度,Boehmer et al. (2021) 散戶訂單失衡,非三大法人殘差（含大戶與其他機構）,測度不同，符號不可直接比（PRD §11）
新聞控制,RavenPack（news count、NIP、MCQ）,**未取得**,PRD §4.2 明訂 news_count 為主表必要控制項
分析師控制,I/B/E/S（家數、離散度、修正）,**未取得**,需 TEJ 授權
交易成本,未報告,手續費＋證交稅＋滑價，按實際換手率計,PRD §5.7 要求成本後為主表必要欄
