block,key,beta,t,n_obs,flag,joint_reading
A_交互項（H6）,log_att_mean_level_52,0.00026863579336000386,1.6745232387380673,72414.0,交互項不顯著或為正,
A_交互項（H6）,log_market_cap,0.00020911481276198333,0.978861847685531,72414.0,交互項不顯著或為正,
A_交互項（H6）,turnover,0.0005597419186991756,2.511763188072999,72414.0,交互項不顯著或為正,
A_交互項（H6）,amihud,-0.0008492340496733142,-3.0494046594887396,72414.0,交互項顯著為負,
A_交互項（H6）,foreign_holding_pct,-0.00010196941893166566,-0.6215967051132719,72414.0,交互項不顯著或為正,
B_反轉（H5）,dense,-0.00048410310853131485,-0.9049251427182605,5614.0,h1不顯著／後續無反轉,無初始效果，反轉檢定不具判讀力
B_反轉（H5）,sparse,0.0005560175362047504,2.010956612243506,66800.0,h1顯著／後續無反轉,有效果且不反轉 → 支持資訊處理管道
B_反轉（H5）,全樣本,0.0004781147525796292,1.8450094699678272,72414.0,h1不顯著／後續無反轉,無初始效果，反轉檢定不具判讀力
C_聯立判讀,整體,,,,,交互項顯著為負 且 無反轉 → 資訊處理（資訊環境假說）
