ticker,name_short,sector,listing_date,delisting_date,venue,is_ky,registration
1101,台泥,水泥,1962-02-09,,TWSE,0,－
1102,亞泥,水泥,1962-06-08,,TWSE,0,－
1103,嘉泥,水泥,1969-11-14,,TWSE,0,－
1104,環泥,水泥,1971-02-01,,TWSE,0,－
1108,幸福,水泥,1990-06-06,,TWSE,0,－
1109,信大,水泥,1991-12-05,,TWSE,0,－
1110,東泥,水泥,1994-10-22,,TWSE,0,－
1201,味全,食品,1962-02-09,,TWSE,0,－
1203,味王,食品,1964-08-24,,TWSE,0,－
1210,大成,食品,1978-05-20,,TWSE,0,－
1213,大飲,食品,1981-04-10,,TWSE,0,－
1215,卜蜂,食品,1987-07-27,,TWSE,0,－
1216,統一,食品,1987-12-28,,TWSE,0,－
1217,愛之味,食品,1989-10-28,,TWSE,0,－
1218,泰山,食品,1989-11-11,,TWSE,0,－
1219,福壽,食品,1990-12-01,,TWSE,0,－
1220,台榮,食品,1991-11-20,,TWSE,0,－
1301,台塑,塑膠,1964-07-27,,TWSE,0,－
1303,南亞,塑膠,1967-11-15,,TWSE,0,－
1304,台聚,塑膠,1972-05-20,,TWSE,0,－
1305,華夏,塑膠,1973-03-05,,TWSE,0,－
1307,三芳,塑膠,1985-11-23,,TWSE,0,－
1308,亞聚,塑膠,1986-06-20,,TWSE,0,－
1309,台達化,塑膠,1986-06-27,,TWSE,0,－
1310,台苯,塑膠,1987-08-06,,TWSE,0,－
1312,國喬,塑膠,1988-12-21,,TWSE,0,－
1313,聯成,塑膠,1989-03-27,,TWSE,0,－
1319,東陽,汽車,1994-12-12,,TWSE,0,－
1338,廣華-KY,汽車,2012-12-19,,TWSE,1,KY 開曼群島
1339,昭輝,汽車,2012-04-24,,TWSE,0,－
1512,瑞利,汽車,1994-01-28,,TWSE,0,－
1521,大億,汽車,1997-10-06,,TWSE,0,－
1522,堤維西,汽車,1997-10-06,,TWSE,0,－
1524,耿鼎,汽車,1998-10-30,,TWSE,0,－
1525,江申,汽車,1999-05-15,,TWSE,0,－
1533,車王電,汽車,2001-04-06,,TWSE,0,－
1536,和大,汽車,2001-09-17,,TWSE,0,－
1402,遠東新,紡織,1967-04-14,,TWSE,0,－
1409,新纖,紡織,1973-08-31,,TWSE,0,－
1410,南染,紡織,1973-10-18,,TWSE,0,－
1413,宏洲,紡織,1975-12-23,,TWSE,0,－
1414,東和,紡織,1976-02-02,,TWSE,0,－
1417,嘉裕,紡織,1976-12-28,,TWSE,0,－
1418,東華,紡織,1977-02-14,,TWSE,0,－
1419,新紡,紡織,1977-03-14,,TWSE,0,－
1423,利華,紡織,1979-04-02,,TWSE,0,－
1434,福懋,紡織,1985-12-24,,TWSE,0,－
1432,大魯閣,運動休閒,1982-07-26,,TWSE,0,－
1598,岱宇,運動休閒,2016-09-20,,TWSE,0,－
1736,喬山,運動休閒,2003-01-09,,TWSE,0,－
2762,世界健身-KY,運動休閒,2024-01-24,,TWSE,1,KY 開曼群島
4536,拓凱,運動休閒,2013-10-09,,TWSE,0,－
5306,桂盟,運動休閒,2022-03-08,,TWSE,0,－
6670,復盛應用,運動休閒,2018-12-18,,TWSE,0,－
6768,志強-KY,運動休閒,2021-04-22,,TWSE,1,KY 開曼群島
6890,來億-KY,運動休閒,2024-06-12,,TWSE,1,KY 開曼群島
6965,中傑-KY,運動休閒,2025-03-07,,TWSE,1,KY 開曼群島
1471,首利,電子零組件,2000-03-06,,TWSE,0,－
1582,信錦,電子零組件,2009-12-17,,TWSE,0,－
2059,川湖,電子零組件,2008-06-25,,TWSE,0,－
2308,台達電,電子零組件,1988-12-19,,TWSE,0,－
2313,華通,電子零組件,1990-07-24,,TWSE,0,－
2316,楠梓電,電子零組件,1991-02-05,,TWSE,0,－
2327,國巨*,電子零組件,1993-10-22,,TWSE,0,－
2328,廣宇,電子零組件,1993-11-09,,TWSE,0,－
2355,敬鵬,電子零組件,1996-10-14,,TWSE,0,－
2367,燿華,電子零組件,1997-12-13,,TWSE,0,－
1503,士電,電機機械,1969-12-15,,TWSE,0,－
1504,東元,電機機械,1973-11-05,,TWSE,0,－
1506,正道,電機機械,1980-08-11,,TWSE,0,－
1513,中興電,電機機械,1994-03-08,,TWSE,0,－
1514,亞力,電機機械,1994-03-26,,TWSE,0,－
1515,力山,電機機械,1995-02-04,,TWSE,0,－
1517,利奇,電機機械,1995-11-14,,TWSE,0,－
1519,華城,電機機械,1997-04-16,,TWSE,0,－
1526,日馳,電機機械,2000-03-27,,TWSE,0,－
1527,鑽全,電機機械,2000-06-21,,TWSE,0,－
1603,華電,電器電纜,1968-06-03,,TWSE,0,－
1604,聲寶,電器電纜,1970-12-14,,TWSE,0,－
1605,華新,電器電纜,1972-11-03,,TWSE,0,－
1608,華榮,電器電纜,1988-07-11,,TWSE,0,－
1609,大亞,電器電纜,1988-12-12,,TWSE,0,－
1611,中電,電器電纜,1990-01-16,,TWSE,0,－
1612,宏泰,電器電纜,1993-05-08,,TWSE,0,－
1614,三洋電,電器電纜,1997-09-18,,TWSE,0,－
1615,大山,電器電纜,2000-03-30,,TWSE,0,－
1616,億泰,電器電纜,2000-09-11,,TWSE,0,－
1707,葡萄王,生技,1982-12-20,,TWSE,0,－
1720,生達,生技,1995-12-12,,TWSE,0,－
1731,美吾華,生技,2001-09-17,,TWSE,0,－
1733,五鼎,生技,2001-09-17,,TWSE,0,－
1734,杏輝,生技,2002-08-26,,TWSE,0,－
1752,南光,生技,2022-01-19,,TWSE,0,－
1760,寶齡富錦,生技,2018-01-23,,TWSE,0,－
1762,中化生,生技,2010-12-20,,TWSE,0,－
1783,和康生,生技,2013-12-20,,TWSE,0,－
1786,科妍,生技,2013-11-12,,TWSE,0,－
1708,東鹼,化學,1986-06-16,,TWSE,0,－
1709,和益,化學,1986-07-03,,TWSE,0,－
1710,東聯,化學,1987-10-21,,TWSE,0,－
1711,永光,化學,1988-12-27,,TWSE,0,－
1712,興農,化學,1989-12-14,,TWSE,0,－
1713,國化,化學,1990-01-31,,TWSE,0,－
1714,和桐,化學,1991-08-30,,TWSE,0,－
1717,長興,化學,1994-03-31,,TWSE,0,－
1718,中纖,化學,1963-12-02,,TWSE,0,－
1721,三晃,化學,1996-05-16,,TWSE,0,－
1802,台玻,玻璃,1973-07-20,,TWSE,0,－
1806,冠軍,玻璃,1992-09-29,,TWSE,0,－
1809,中釉,玻璃,1996-04-30,,TWSE,0,－
1810,和成,玻璃,1991-10-14,,TWSE,0,－
1817,凱撒衛,玻璃,2013-10-24,,TWSE,0,－
1903,士紙,造紙,1963-12-09,,TWSE,0,－
1904,正隆,造紙,1971-09-10,,TWSE,0,－
1905,華紙,造紙,1975-02-07,,TWSE,0,－
1906,寶隆,造紙,1976-04-26,,TWSE,0,－
1907,永豐餘,造紙,1977-02-22,,TWSE,0,－
1909,榮成,造紙,1985-11-19,,TWSE,0,－
6790,永豐實,造紙,2021-09-29,,TWSE,0,－
2002,中鋼,鋼鐵,1974-12-26,,TWSE,0,－
2006,東和鋼鐵,鋼鐵,1988-07-13,,TWSE,0,－
2007,燁興,鋼鐵,1988-10-04,,TWSE,0,－
2008,高興昌,鋼鐵,1988-12-28,,TWSE,0,－
2009,第一銅,鋼鐵,1989-10-20,,TWSE,0,－
2010,春源,鋼鐵,1989-12-22,,TWSE,0,－
2012,春雨,鋼鐵,1991-10-17,,TWSE,0,－
2013,中鋼構,鋼鐵,1992-01-21,,TWSE,0,－
2014,中鴻,鋼鐵,1992-02-20,,TWSE,0,－
2015,豐興,鋼鐵,1992-05-25,,TWSE,0,－
2062,橋椿,居家生活,2007-11-16,,TWSE,0,－
3557,嘉威,居家生活,2008-02-27,,TWSE,0,－
6671,三能-KY,居家生活,2018-12-11,,TWSE,1,KY 開曼群島
6754,匯僑設計,居家生活,2020-08-25,,TWSE,0,－
6807,峰源-KY,居家生活,2022-04-25,,TWSE,1,KY 開曼群島
8464,億豐,居家生活,2015-12-22,,TWSE,0,－
8482,商億-KY,居家生活,2018-08-15,,TWSE,1,KY 開曼群島
9911,櫻花,居家生活,1992-07-16,,TWSE,0,－
9924,福興,居家生活,1995-03-15,,TWSE,0,－
9934,成霖,居家生活,2000-09-11,,TWSE,0,－
2072,世紀風電,綠能環保,2026-03-26,,TWSE,0,－
3708,上緯投控,綠能環保,2016-08-31,,TWSE,0,－
5292,華懋,綠能環保,2023-11-21,,TWSE,0,－
6581,鋼聯,綠能環保,2018-01-30,,TWSE,0,－
6641,基士德-KY,綠能環保,2018-09-21,,TWSE,1,KY 開曼群島
6869,雲豹能源,綠能環保,2023-03-14,,TWSE,0,－
6873,泓德能源,綠能環保,2024-09-26,,TWSE,0,－
6887,寶綠特-KY,綠能環保,2025-03-10,,TWSE,1,KY 開曼群島
6923,中台,綠能環保,2024-09-25,,TWSE,0,－
6944,兆聯實業,綠能環保,2025-05-28,,TWSE,0,－
2101,南港,橡膠,1963-11-01,,TWSE,0,－
2102,泰豐,橡膠,1979-07-16,,TWSE,0,－
2103,台橡,橡膠,1982-09-25,,TWSE,0,－
2104,國際中橡,橡膠,1986-07-15,,TWSE,0,－
2105,正新,橡膠,1987-12-07,,TWSE,0,－
2106,建大,橡膠,1990-12-20,,TWSE,0,－
2107,厚生,橡膠,1992-03-03,,TWSE,0,－
2108,南帝,橡膠,1992-10-27,,TWSE,0,－
2109,華豐,橡膠,2000-05-08,,TWSE,0,－
2114,鑫永銓,橡膠,2010-12-29,,TWSE,0,－
2208,台船,航運,2008-12-22,,TWSE,0,－
2601,益航,航運,1965-11-04,,TWSE,0,－
2603,長榮,航運,1987-09-21,,TWSE,0,－
2605,新興,航運,1989-12-08,,TWSE,0,－
2606,裕民,航運,1990-12-08,,TWSE,0,－
2607,榮運,航運,1990-12-14,,TWSE,0,－
2608,嘉里大榮,航運,1990-12-20,,TWSE,0,－
2609,陽明,航運,1992-04-20,,TWSE,0,－
2610,華航,航運,1993-02-26,,TWSE,0,－
2611,志信,航運,1993-10-28,,TWSE,0,－
2302,麗正,半導體,1985-01-15,,TWSE,0,－
2303,聯電,半導體,1985-07-16,,TWSE,0,－
2329,華泰,半導體,1994-04-20,,TWSE,0,－
2330,台積電,半導體,1994-09-05,,TWSE,0,－
2337,旺宏,半導體,1995-03-15,,TWSE,0,－
2338,光罩,半導體,1995-04-17,,TWSE,0,－
2340,台亞,半導體,1995-05-02,,TWSE,0,－
2342,茂矽,半導體,1995-09-19,,TWSE,0,－
2344,華邦電,半導體,1995-10-18,,TWSE,0,－
2351,順德,半導體,1996-04-25,,TWSE,0,－
2312,金寶,其他電子,1989-11-07,,TWSE,0,－
2317,鴻海,其他電子,1991-06-18,,TWSE,0,－
2354,鴻準,其他電子,1996-10-08,,TWSE,0,－
2359,所羅門,其他電子,1996-12-19,,TWSE,0,－
2360,致茂,其他電子,1996-12-21,,TWSE,0,－
2373,震旦行,其他電子,1991-08-01,,TWSE,0,－
2390,云辰,其他電子,1999-06-15,,TWSE,0,－
2404,漢唐,其他電子,2000-03-14,,TWSE,0,－
2423,固緯,其他電子,2000-09-11,,TWSE,0,－
2433,互盛電,其他電子,2000-09-11,,TWSE,0,－
2323,中環,光電,1992-02-17,,TWSE,0,－
2349,錸德,光電,1996-04-23,,TWSE,0,－
2374,佳能,光電,1995-01-16,,TWSE,0,－
2393,億光,光電,1999-11-04,,TWSE,0,－
2406,國碩,光電,2000-04-29,,TWSE,0,－
2409,友達,光電,2000-09-08,,TWSE,0,－
2426,鼎元,光電,2000-09-11,,TWSE,0,－
2429,銘旺科,光電,2000-09-11,,TWSE,0,－
2438,翔耀,光電,2000-09-11,,TWSE,0,－
2466,冠西電,光電,2001-09-17,,TWSE,0,－
2347,聯強,電子通路,1995-12-13,,TWSE,0,－
2414,精技,電子通路,2000-09-11,,TWSE,0,－
2430,燦坤,電子通路,2000-09-11,,TWSE,0,－
3010,華立,電子通路,2002-07-22,,TWSE,0,－
3028,增你強,電子通路,2002-08-26,,TWSE,0,－
3033,威健,電子通路,2002-08-26,,TWSE,0,－
3036,文曄,電子通路,2002-08-26,,TWSE,0,－
3048,益登,電子通路,2002-10-01,,TWSE,0,－
3054,立萬利,電子通路,2002-11-18,,TWSE,0,－
3055,蔚華科,電子通路,2002-12-12,,TWSE,0,－
2427,三商電,資訊服務,2000-09-11,,TWSE,0,－
2453,凌群,資訊服務,2001-05-22,,TWSE,0,－
2468,華經,資訊服務,2001-09-17,,TWSE,0,－
2471,資通,資訊服務,2001-09-17,,TWSE,0,－
2480,敦陽科,資訊服務,2001-09-17,,TWSE,0,－
3029,零壹,資訊服務,2002-08-26,,TWSE,0,－
4994,傳奇,資訊服務,2013-12-25,,TWSE,0,－
5203,訊連,資訊服務,2004-09-27,,TWSE,0,－
6112,邁達特,資訊服務,2003-08-04,,TWSE,0,－
6183,關貿,資訊服務,2011-12-01,,TWSE,0,－
2616,山隆,油電燃氣,1997-11-08,,TWSE,0,－
6505,台塑化,油電燃氣,2003-12-26,,TWSE,0,－
8926,台汽電,油電燃氣,2003-08-25,,TWSE,0,－
9908,大台北,油電燃氣,1991-02-06,,TWSE,0,－
9918,欣天然,油電燃氣,1994-04-26,,TWSE,0,－
9926,新海,油電燃氣,1998-04-08,,TWSE,0,－
9931,欣高,油電燃氣,2000-03-21,,TWSE,0,－
9937,全國,油電燃氣,2000-09-11,,TWSE,0,－
2701,萬企,觀光餐旅,1965-03-22,,TWSE,0,－
2702,華園,觀光餐旅,1965-02-14,,TWSE,0,－
2704,國賓,觀光餐旅,1982-11-10,,TWSE,0,－
2705,六福,觀光餐旅,1988-12-24,,TWSE,0,－
2706,第一店,觀光餐旅,1991-06-25,,TWSE,0,－
2707,晶華,觀光餐旅,1998-03-09,,TWSE,0,－
2712,遠雄來,觀光餐旅,2013-12-03,,TWSE,0,－
2722,夏都,觀光餐旅,2012-03-14,,TWSE,0,－
2723,美食-KY,觀光餐旅,2010-11-22,,TWSE,1,KY 開曼群島
2727,王品,觀光餐旅,2012-03-06,,TWSE,0,－
2801,彰銀,金融,1962-02-15,,TWSE,0,－
2812,台中銀,金融,1984-05-15,,TWSE,0,－
2816,旺旺保,金融,1992-05-05,,TWSE,0,－
2820,華票,金融,1994-10-26,,TWSE,0,－
2832,台產,金融,1997-09-30,,TWSE,0,－
2834,臺企銀,金融,1998-01-03,,TWSE,0,－
2836,高雄銀,金融,1998-05-18,,TWSE,0,－
2838,聯邦銀,金融,1998-06-29,,TWSE,0,－
2845,遠東銀,金融,1998-11-27,,TWSE,0,－
2849,安泰銀,金融,1999-09-27,,TWSE,0,－
2901,欣欣,貿易百貨,1976-05-07,,TWSE,0,－
2903,遠百,貿易百貨,1978-10-11,,TWSE,0,－
2905,三商,貿易百貨,1988-09-19,,TWSE,0,－
2906,高林,貿易百貨,1989-12-26,,TWSE,0,－
2908,特力,貿易百貨,1993-02-18,,TWSE,0,－
2910,統領,貿易百貨,1996-12-30,,TWSE,0,－
2911,麗嬰房,貿易百貨,1997-01-18,,TWSE,0,－
2912,統一超,貿易百貨,1997-08-22,,TWSE,0,－
2913,農林,貿易百貨,1962-02-09,,TWSE,0,－
2915,潤泰全,貿易百貨,1977-07-20,,TWSE,0,－
3130,一零四,數位雲端,2006-02-17,,TWSE,0,－
6165,浪凡,數位雲端,2003-08-04,,TWSE,0,－
6614,資拓宏宇,數位雲端,2025-11-25,,TWSE,0,－
6689,伊雲谷,數位雲端,2022-09-13,,TWSE,0,－
6902,GOGOLOOK,數位雲端,2023-07-13,,TWSE,0,－
6906,現觀科,數位雲端,2024-01-15,,TWSE,0,－
7721,微程式,數位雲端,2025-07-29,,TWSE,0,－
7722,LINEPAY,數位雲端,2024-12-05,,TWSE,0,－
7765,中華資安,數位雲端,2025-09-08,,TWSE,0,－
8454,富邦媒,數位雲端,2014-12-19,,TWSE,0,－
